key,counts,ststa_ucount,ensta_ucount,br,ut_sub,ut_cu,counts1,spd_avg,spd_max,visb_avg,visb_max,temp_avg,temp_max,prcp_avg,prcp_max
2014 6 17,35097,326,324,1975.7252291305424,32296,2801,33,3.5593749999999993,6.7,16019.46875,16093.0,22.92187500000001,27.2,0.0,0.0
2017 7 26,70323,611,612,1979.0521170106938,63599,6724,38,3.754054054054052,5.7,16072.891891891892,16093.0,20.791891891891886,23.9,0.0,0.0
2014 1 4,2292,306,308,1975.8329650905878,2263,29,33,3.0906249999999997,7.2,16069.75,16093.0,-9.23125,-2.8,0.2269230769230769,5.6
2014 5 28,29690,321,319,1975.3586430891376,27714,1976,37,4.841666666666663,9.8,16072.333333333334,16093.0,16.66388888888888,27.2,0.0,0.0
2014 5 29,33889,323,322,1975.4823635718205,30989,2900,34,4.460606060606058,6.7,16070.454545454546,16093.0,13.38787878787879,16.1,0.0,0.0
2014 8 19,35367,323,321,1976.1798356706,32376,2991,35,3.173529411764705,5.1,16071.117647058823,16093.0,22.16176470588235,25.6,0.0,0.0
2016 10 11,58768,600,598,1977.9171137289604,54162,4042,33,3.0312499999999987,5.7,16069.75,16093.0,12.031250000000004,17.2,0.0,0.0
2014 2 12,8580,319,319,1974.8505976095616,8534,46,33,4.240624999999997,7.7,16069.75,16093.0,-7.171875000000001,-4.4,0.0,0.0
2014 2 13,876,260,266,1976.0813287514318,873,3,48,8.927659574468084,15.4,6174.04255319149,16093.0,-0.5297872340425526,2.2,1.5511627906976744,15.0
2016 11 28,42091,595,596,1977.2712032536456,40490,1413,33,3.5906249999999984,6.2,16069.75,16093.0,7.378125000000002,10.6,0.0,0.0
2017 11 9,58417,731,735,1978.6942072675415,55618,2799,35,2.641176470588235,4.6,16071.117647058823,16093.0,8.197058823529412,12.2,0.0,0.0
2014 4 5,18655,324,323,1976.9586838198911,16168,2487,41,6.030000000000002,11.8,11848.525,16093.0,8.0875,13.3,0.16363636363636364,2.5
2014 4 12,27108,327,327,1977.4472998137803,21480,5628,33,4.2250000000000005,8.2,16069.75,16093.0,14.7625,19.4,0.0,0.0
2014 4 18,20770,325,325,1975.9018659658345,19025,1745,35,3.1588235294117624,5.7,16071.117647058823,16093.0,4.470588235294117,7.2,0.0,0.0
2017 3 2,35739,600,598,1977.50906133829,34511,1006,33,11.053125000000001,15.4,15944.75,16093.0,10.959374999999996,16.1,0.022222222222222223,0.3
2017 5 17,65794,602,603,1978.2377885663332,60027,5767,33,4.315625,8.8,16069.75,16093.0,19.321874999999995,25.0,0.0,0.0
2017 12 6,46335,724,727,1978.2630850921423,45167,1168,43,7.4880952380952355,13.9,12046.92857142857,16093.0,9.785714285714294,13.9,0.8444444444444446,8.0
2014 8 13,27977,324,323,1976.3071930773392,25886,2091,49,6.295833333333333,11.8,11814.375,16093.0,23.34583333333333,28.3,6.251219512195121,68.0
2016 12 24,8014,578,578,1975.2987133572092,7532,401,43,4.32380952380952,6.2,12251.642857142857,16093.0,5.795238095238095,8.0,1.3,15.0
2014 2 15,2261,294,290,1975.5164934478084,2213,48,44,6.020930232558141,10.8,9755.883720930233,16093.0,0.9930232558139537,3.9,0.22499999999999998,3.3
2014 3 1,9202,326,327,1975.920478291154,8614,588,33,2.4375,5.1,16069.75,16093.0,-3.4281250000000014,2.2,0.0,0.0
2014 2 18,5140,316,316,1975.6310412573673,5090,50,45,3.236363636363635,9.3,11151.15909090909,16093.0,0.42727272727272747,4.4,0.3914285714285714,3.0
2014 3 25,16037,331,329,1974.7604213214172,15665,372,33,3.4093749999999994,6.2,16069.75,16093.0,-0.25625,3.3,0.0,0.0
2014 7 4,13612,323,322,1976.559833795014,10830,2782,44,5.713953488372092,13.9,14655.720930232557,16093.0,22.14651162790697,25.0,2.0777777777777775,8.9
2014 8 11,33664,324,323,1976.131881689953,29991,3673,33,3.19375,5.7,16069.75,16093.0,24.55625,28.9,0.0,0.0
2017 6 5,55883,610,611,1978.3184617783495,51032,4851,46,2.8999999999999995,7.2,8857.711111111112,16093.0,18.226666666666667,21.7,1.21,9.0
2017 10 4,71454,682,685,1979.1007270045307,66450,5004,33,4.5062500000000005,8.2,16069.75,16093.0,16.784375,21.7,0.0,0.0
2014 7 13,24869,324,323,1977.7543077539572,19967,4902,34,6.469696969696971,11.8,15794.818181818182,16093.0,22.82424242424242,26.1,0.0,0.0
2016 12 19,25649,595,598,1976.6979282868526,25239,332,33,6.553124999999996,11.3,16069.75,16093.0,-0.59375,5.0,0.05925925925925926,1.3
2017 11 20,45121,721,718,1978.3523338799455,43550,1571,33,7.387499999999998,10.3,16069.75,16093.0,5.79375,8.3,0.23703703703703705,6.4
2017 12 22,34341,737,740,1977.0090327321718,32810,1531,36,3.162857142857142,5.7,15968.628571428571,16093.0,4.448571428571429,9.4,0.0,0.0
2014 7 6,23822,323,322,1977.2250956743592,17246,6576,32,5.551612903225806,9.8,16072.0,16093.0,23.96129032258065,27.2,0.0,0.0
2017 1 13,33611,600,599,1976.7258384477093,32403,1052,33,7.2375000000000025,11.8,16069.75,16093.0,10.031250000000002,13.9,0.1,2.5
2017 5 30,50194,609,611,1978.3791100862584,46686,3508,41,4.129999999999997,5.7,15470.9,16093.0,13.942499999999995,15.0,0.29285714285714287,7.4
2017 12 2,38923,723,724,1979.7468267777176,34752,4171,33,2.328125,5.7,16019.46875,16093.0,5.443749999999999,8.9,0.012,0.3
2017 12 31,6569,680,672,1977.3138686131388,6351,218,33,7.6187499999999995,11.3,15906.6875,16093.0,-8.225000000000001,-5.0,0.07037037037037037,0.8
2017 11 7,36362,733,734,1978.4899571269161,34142,2220,36,5.545714285714283,8.8,15370.914285714285,16093.0,8.654285714285715,15.0,0.5,4.3
2014 7 2,26582,327,326,1975.7324294523626,24489,2093,38,5.95945945945946,11.3,16072.891891891892,16093.0,25.391891891891884,29.4,0.019230769230769232,0.3
2016 12 14,37808,601,602,1976.8355025405538,37015,673,32,4.883870967741935,8.8,16020.09677419355,16093.0,5.154838709677419,7.2,0.0,0.0
2017 1 15,17384,590,591,1978.067759494463,16053,1207,43,2.8804878048780473,5.7,11878.268292682927,16093.0,1.170731707317073,5.0,0.36944444444444446,3.8
2014 1 11,7695,324,326,1975.8636181842421,7501,194,61,6.328333333333337,11.3,2839.25,16093.0,8.328333333333335,12.0,1.0446428571428572,6.6
2014 8 20,35532,322,321,1976.3020086083213,32065,3467,33,2.203125,4.6,16069.75,16093.0,22.978125000000002,26.1,0.0,0.0
2017 3 30,39746,595,596,1977.343203948246,37451,1924,33,4.984374999999998,8.8,16069.75,16093.0,6.168749999999999,10.6,0.0,0.0
2017 8 3,66149,612,614,1979.3263932116765,59938,6211,33,2.5437500000000006,6.7,15906.6875,16093.0,24.196875,27.8,0.02142857142857143,0.3
2017 10 10,74118,698,699,1979.1640387889556,67610,6508,35,4.002941176470586,7.2,15143.79411764706,16093.0,23.2235294117647,27.8,0.6166666666666667,8.6
2014 3 31,17085,330,330,1975.250379086553,16487,598,43,9.559523809523814,11.8,12940.785714285714,16093.0,5.404761904761905,13.3,0.9948717948717948,13.5
2014 5 8,17619,325,323,1975.7594806763284,16562,1057,38,2.5621621621621613,5.1,11479.432432432432,16093.0,12.497297297297289,14.4,0.7514285714285714,7.0
2014 6 9,18611,323,322,1975.9884194599626,17186,1425,42,3.2585365853658512,7.2,12923.365853658537,16093.0,19.24390243902439,21.1,2.0,17.0
2016 12 11,17799,592,591,1978.1514845005058,16879,787,36,3.17142857142857,5.7,14163.6,16093.0,0.19714285714285715,2.2,0.022222222222222223,0.3
2016 12 20,27685,594,597,1976.527863260539,27143,473,33,3.2906249999999977,5.7,16069.75,16093.0,-2.7999999999999994,0.6,0.0,0.0
2016 12 25,9924,572,574,1975.3803888419272,6832,2786,33,4.853124999999997,7.7,16069.75,16093.0,7.159375,11.1,1.1259259259259258,15.2
2017 7 15,56499,610,613,1980.5886875590127,42491,14008,40,3.1282051282051264,5.7,9210.48717948718,16093.0,22.815384615384623,27.8,0.2875000000000001,5.3
2017 7 19,63915,613,617,1979.27751220591,58297,5618,34,5.318181818181817,8.2,16070.454545454546,16093.0,26.954545454545457,31.7,0.0,0.0
2017 8 4,56394,614,616,1979.4604214066674,49631,6763,41,4.8124999999999964,8.2,15612.325,16093.0,24.70500000000001,27.8,0.1303030303030303,1.0
2017 10 17,64480,717,722,1978.9781122432046,60482,3998,33,4.940624999999997,8.2,16069.75,16093.0,10.215625,15.0,0.0,0.0
2014 8 18,34339,323,322,1976.2280523398813,30493,3846,33,4.4343749999999975,6.2,16069.75,16093.0,23.071874999999995,27.8,0.0,0.0
2017 12 12,42620,724,729,1978.1828666763383,41791,829,31,6.856666666666666,9.8,16071.3,16093.0,6.833333333333333,11.1,0.0,0.0
2014 6 11,30548,325,324,1975.7122276879832,28460,2088,41,4.782499999999997,7.2,14928.4,16093.0,19.624999999999996,22.8,0.0,0.0
2017 5 9,56461,601,603,1978.1075203637051,52565,3896,35,3.599999999999998,6.2,16071.117647058823,16093.0,11.979411764705885,16.7,0.0,0.0
2014 1 8,9246,321,324,1974.047339209925,9189,57,33,6.2499999999999964,9.8,16069.75,16093.0,-9.815625000000002,-5.6,0.0,0.0
2014 5 16,17784,322,321,1975.523744991751,16972,812,49,9.46041666666667,12.4,6225.291666666667,16093.0,17.683333333333323,19.0,0.23428571428571432,3.6
2017 3 28,21589,596,596,1977.445184765145,21237,256,43,3.4238095238095227,8.2,9514.857142857143,16093.0,7.988095238095239,10.0,1.575,15.0
2014 1 31,14653,324,324,1974.767411209767,14416,237,35,4.188235294117646,6.2,16071.117647058823,16093.0,-0.6088235294117649,5.6,0.0,0.0
2016 10 13,61217,599,601,1977.8734003172924,56811,3950,34,2.754545454545455,6.7,15668.545454545454,16093.0,14.893939393939391,20.0,0.023076923076923075,0.3
2014 6 27,35823,327,327,1976.0569360141628,31634,4189,38,4.0081081081081065,8.2,16072.891891891892,16093.0,22.840540540540538,28.3,0.02,0.5
2016 11 8,56603,592,595,1977.78094224115,52550,3533,33,2.6343749999999995,4.1,16069.75,16093.0,11.218749999999998,18.9,0.0,0.0
2017 9 7,69519,604,607,1978.9979863068868,64261,5258,36,5.228571428571427,8.8,15037.885714285714,16093.0,18.76571428571429,22.8,1.4090909090909092,12.7
2014 1 9,13354,325,324,1974.036388446668,13191,163,33,4.028124999999998,6.7,16069.75,16093.0,-3.1187499999999995,0.6,0.0,0.0
2014 1 23,5071,314,311,1974.876315267024,5037,34,33,6.078125,9.3,16069.75,16093.0,-10.146874999999998,-6.7,0.012,0.3
2014 5 5,30288,323,321,1975.455381618814,27726,2562,34,7.839393939393937,10.8,16070.454545454546,16093.0,15.399999999999999,20.6,0.0,0.0
2017 12 14,27495,720,728,1977.7619934445768,27115,380,42,5.407317073170726,10.3,11496.317073170732,16093.0,-2.758536585365853,0.0,0.14722222222222223,1.0
2014 6 14,28417,325,324,1977.297733042355,22453,5964,41,4.485000000000001,11.3,12934.8,16093.0,21.51,26.1,2.473333333333333,25.1
2017 6 23,55323,614,614,1978.7569612711022,49815,5508,35,4.679411764705882,8.2,14913.588235294117,16093.0,23.705882352941167,28.3,0.0,0.0
2014 1 14,9999,327,324,1975.1430603535866,9842,157,42,3.812195121951217,8.2,11392.80487804878,16093.0,7.7512195121951235,9.0,1.137142857142857,6.0
2014 6 15,28382,325,323,1977.7172713290508,22106,6276,33,5.974999999999997,9.3,16069.75,16093.0,20.796875,27.8,0.0,0.0
2014 7 19,29291,324,324,1977.3842078592158,21707,7584,33,2.7499999999999996,5.7,16069.75,16093.0,22.93124999999999,25.6,0.0,0.0
2017 1 3,14198,594,593,1976.9552099756343,14036,133,37,6.3861111111111075,8.2,9358.472222222223,16093.0,6.333333333333334,7.8,1.0885714285714283,7.9
2017 6 21,67218,613,613,1978.5560254039715,61822,5396,33,5.146874999999998,7.7,16069.75,16093.0,25.275,30.0,0.012,0.3
2017 9 8,69574,604,606,1979.1584013358959,62888,6686,33,5.621874999999997,8.2,16069.75,16093.0,19.684374999999996,23.3,0.0,0.0
2017 9 14,72071,622,625,1979.077465104128,66575,5496,43,3.2357142857142853,7.2,10983.261904761905,16093.0,21.71904761904762,25.6,0.696551724137931,10.2
2014 1 26,4980,320,317,1976.6941946034342,4892,88,35,7.435294117647056,11.3,15409.85294117647,16093.0,-5.297058823529412,-3.0,0.06666666666666667,1.0
2017 8 30,65329,609,610,1979.4610857314349,59540,5789,37,5.830555555555552,7.7,15771.583333333334,16093.0,19.266666666666666,26.1,1.3249999999999997,14.5
2017 10 3,69105,678,681,1979.1565927256954,64495,4610,33,3.3562499999999993,5.7,16069.75,16093.0,15.484374999999998,20.0,0.0,0.0
2014 4 13,26871,327,327,1977.6379229543538,21334,5537,36,6.200000000000003,12.4,15979.8,16093.0,12.634285714285717,17.8,0.0,0.0
2014 8 21,33804,323,323,1976.2291530732089,30653,3151,33,2.95625,5.7,16069.75,16093.0,23.415625,25.6,0.0,0.0
2016 10 8,34625,592,594,1979.417967505575,27934,6043,42,2.4780487804878035,4.1,15633.609756097561,16093.0,17.463414634146346,22.0,0.16774193548387098,1.5
2016 10 15,51992,595,594,1979.2971108447293,39976,10535,33,2.6781249999999996,4.1,16069.75,16093.0,12.399999999999999,17.8,0.0,0.0
2017 2 15,32052,600,601,1976.9841482901886,31448,490,34,3.8454545454545443,10.3,16070.454545454546,16093.0,3.4060606060606067,7.8,0.0,0.0
2017 6 4,40138,602,603,1979.8784880923743,32140,7998,33,3.0906249999999993,6.2,16069.75,16093.0,18.331249999999997,22.8,0.03571428571428571,0.5
2017 10 28,61348,730,734,1980.3642049075845,48637,12711,33,5.21875,8.8,16069.75,16093.0,15.393749999999997,19.4,0.0,0.0
2017 5 11,57208,600,600,1978.1247312233581,52780,4428,33,2.8718749999999993,5.1,16069.75,16093.0,12.478124999999999,15.6,0.0,0.0
2017 10 21,65874,725,725,1980.3799751362724,50817,15057,33,2.7781249999999997,6.2,16069.75,16093.0,17.35,23.9,0.0,0.0
2014 3 16,9851,328,329,1976.6450482033304,9128,723,33,7.053124999999996,9.8,16069.75,16093.0,3.9531249999999996,11.7,0.012,0.3
2014 6 30,33597,327,326,1976.041108044164,30435,3162,33,5.1,9.3,16069.75,16093.0,22.953125000000004,26.7,0.0,0.0
2016 11 6,39413,578,579,1979.3926958511472,32646,5928,33,6.6218749999999975,9.3,16069.75,16093.0,13.400000000000004,15.6,0.0,0.0
2016 12 10,22379,595,593,1978.1973790802954,21028,1164,33,6.462499999999996,9.8,16069.75,16093.0,0.6874999999999999,3.3,0.0,0.0
2017 2 18,30571,594,596,1978.9375512275087,25109,4661,33,3.0718749999999986,6.7,16069.75,16093.0,4.9312499999999995,11.1,0.0,0.0
2017 5 12,56675,602,604,1978.2276578458682,51193,5482,35,3.511764705882353,7.7,16071.117647058823,16093.0,11.823529411764703,15.0,0.0,0.0
2014 5 31,27734,323,321,1977.0893607200553,21666,6068,33,5.443749999999999,10.3,16007.25,16093.0,17.390625000000004,21.1,0.1206896551724138,0.8
2016 10 7,65896,597,601,1977.9518200184912,58367,6869,38,2.4270270270270267,5.7,12465.378378378378,16093.0,15.859459459459462,22.8,0.0,0.0
2017 3 25,29646,596,600,1979.0902388328955,25074,3874,34,3.9030303030303015,7.7,15924.151515151516,16093.0,10.43636363636364,16.1,0.02142857142857143,0.3
2017 5 24,60622,607,608,1978.2100951800535,55596,5026,37,3.3472222222222223,6.2,16072.333333333334,16093.0,16.538888888888888,20.0,0.04827586206896552,0.5
2017 3 4,15646,591,592,1978.5161809045226,14949,549,33,9.687499999999998,13.4,16069.75,16093.0,-2.696875,1.7,0.0,0.0
2017 4 27,52035,598,599,1977.927846721449,47550,4485,48,3.040425531914894,6.2,7708.31914893617,16093.0,15.36808510638298,17.8,0.3275,12.2
2017 9 24,57458,639,641,1980.7495382655768,45057,12401,33,2.7812499999999996,4.6,16069.75,16093.0,25.081249999999997,32.8,0.0,0.0
2017 12 9,10804,699,707,1978.5510794140323,10426,378,40,4.043589743589741,6.7,9033.666666666666,16093.0,1.0641025641025643,2.8,0.39696969696969703,3.0
2017 1 18,30857,598,597,1976.7388676004227,30416,351,41,4.772499999999997,6.2,9435.675,16093.0,5.304999999999998,6.0,1.1999999999999997,15.0
2017 5 13,5704,572,572,1980.3403151065802,5357,347,45,5.159090909090907,10.3,10196.431818181818,16093.0,10.625000000000005,11.7,2.0282051282051285,13.0
2017 12 20,41463,737,739,1977.7332334207567,40288,1175,33,7.268749999999997,9.8,16069.75,16093.0,7.481249999999997,10.0,0.0,0.0
2017 4 10,50424,596,601,1978.23005333988,44355,6069,33,4.771875,11.8,16069.75,16093.0,11.375000000000004,16.1,0.0,0.0
2017 6 11,51427,604,610,1980.1834801762116,39216,12211,33,4.818749999999999,8.2,16069.75,16093.0,23.5125,30.0,0.0,0.0
2017 6 26,62669,614,614,1978.9571139366387,55545,7124,31,5.349999999999999,9.8,16074.4,16093.0,22.293333333333333,25.6,0.0,0.0
2017 12 10,19815,717,718,1979.457917109458,18965,850,38,6.213513513513512,9.8,12641.27027027027,16093.0,0.7000000000000001,3.3,0.8806451612903224,8.4
2014 2 9,4996,315,315,1976.439820481436,4902,94,35,3.311764705882351,5.1,14911.470588235294,16093.0,-3.4294117647058826,-1.1,0.018518518518518517,0.5
2014 8 31,18053,323,316,1977.1818886048493,12910,5143,40,4.784615384615383,10.8,15610.02564102564,16093.0,24.94871794871795,29.4,0.08518518518518518,2.0
2017 2 8,40428,601,603,1976.97148064483,39078,1175,39,3.4842105263157888,7.7,9305.526315789473,16093.0,8.207894736842107,18.3,0.08928571428571429,2.5
2017 5 28,46727,605,607,1979.5830377400696,28940,17787,41,3.314999999999999,6.7,13314.775,16093.0,16.817499999999995,19.4,0.0,0.0
2017 7 31,64218,611,611,1979.2288645880194,57157,7061,33,3.8062499999999986,5.7,16069.75,16093.0,23.884374999999995,29.4,0.0,0.0
2017 3 21,36824,580,598,1977.5974698590592,35456,1155,33,4.0625,6.7,16069.75,16093.0,9.253125,13.3,0.0,0.0
2014 3 2,8195,327,327,1976.4784738334622,7758,437,33,3.1906249999999985,5.1,16019.46875,16093.0,2.3625,6.1,0.0,0.0
2014 3 26,14500,331,331,1974.8406173272535,14255,245,33,10.028125,15.4,15329.15625,16093.0,1.4249999999999998,3.9,0.0,0.0
2014 4 19,24369,326,326,1976.9776761406947,18366,6003,33,4.1625,7.2,16069.75,16093.0,10.534374999999997,19.4,0.0,0.0
2016 12 21,30625,597,598,1976.4569955866993,29794,696,33,4.318749999999997,7.2,16069.75,16093.0,1.6937499999999996,5.0,0.0,0.0
2014 1 10,9847,327,326,1974.1739890935282,9719,128,45,1.725,2.6,10310.204545454546,16093.0,0.23636363636363625,3.0,0.20526315789473684,3.0
2014 2 3,2600,303,304,1975.5003878975951,2578,22,42,5.2585365853658494,8.2,7733.195121951219,16093.0,2.3878048780487786,8.9,1.7390243902439024,19.0
2014 2 8,5986,318,319,1976.371209540034,5870,116,33,4.371874999999997,7.7,16069.75,16093.0,-2.9968749999999997,-0.6,0.0,0.0
2014 8 16,32017,323,323,1977.558393829401,22041,9976,33,4.403124999999998,7.2,16069.75,16093.0,21.624999999999996,25.0,0.0,0.0
2017 9 25,69200,644,647,1979.213643765266,63394,5806,34,2.324242424242424,4.6,15802.969696969696,16093.0,23.390909090909094,28.9,0.0,0.0
2014 2 26,11188,327,326,1974.667690639682,11068,120,43,5.347619047619046,9.3,11431.214285714286,16093.0,-2.09047619047619,0.0,0.08717948717948719,0.8
2014 3 4,10398,328,329,1974.7728556128907,10271,127,33,4.128124999999998,6.7,16069.75,16093.0,-6.6750000000000025,-3.3,0.05,1.0
2017 12 25,6479,681,680,1976.2830605113113,5338,1141,38,8.618918918918922,17.5,12586.567567567568,16093.0,2.632432432432432,4.4,0.30625,4.0
2014 6 16,34932,325,324,1975.754197893938,31624,3308,33,3.34375,5.7,16069.75,16093.0,22.162499999999998,25.6,0.0,0.0
2016 12 12,29037,599,598,1977.3900035323206,28471,452,42,4.60731707317073,8.2,12899.439024390244,16093.0,5.902439024390244,8.9,1.1513513513513514,14.0
2017 2 26,24714,592,593,1979.3779715094595,22059,2263,37,8.444444444444446,11.8,15013.166666666666,16093.0,7.041666666666665,13.0,1.4939393939393941,8.6
2014 5 9,22641,325,323,1975.5546194488077,21009,1632,49,3.224999999999999,6.2,5493.854166666667,16093.0,14.587500000000004,17.0,0.4151515151515151,9.7
2014 6 8,30162,322,322,1977.5269358097942,23264,6898,33,3.4937500000000012,7.7,16069.75,16093.0,22.556250000000002,28.9,0.0,0.0
2014 8 9,31636,323,321,1977.3815520298222,22000,9636,33,3.2468749999999997,6.7,16069.75,16093.0,24.606249999999992,29.4,0.0,0.0
2017 8 24,66307,613,613,1979.5002492605272,59519,6788,33,3.5437499999999997,6.2,16069.75,16093.0,23.459375,28.9,0.06,1.5
2017 9 27,69897,655,661,1979.1252712988721,65109,4788,41,3.107499999999998,5.1,14742.425,16093.0,23.7225,30.0,0.0,0.0
2017 12 19,49503,736,740,1977.7202842648107,47966,1537,33,5.7781249999999975,11.3,15806.125,16093.0,8.193749999999998,12.8,0.02,0.5
2014 2 25,12830,327,327,1974.7364046544765,12633,197,33,6.949999999999998,11.3,16069.75,16093.0,-1.328125,0.6,0.02,0.5
2014 4 4,12566,325,324,1974.9080732145776,12238,328,37,5.738888888888889,9.8,14213.111111111111,16093.0,6.330555555555552,8.9,0.2941176470588236,2.0
2016 11 4,57877,593,597,1977.7142369732926,52557,4626,33,5.9218749999999964,8.8,16069.75,16093.0,14.537499999999998,17.8,0.0,0.0
2016 12 13,39025,600,604,1977.0491159653236,38100,744,32,4.490322580645159,6.7,16072.0,16093.0,4.980645161290321,7.2,0.6423076923076922,15.2
2017 4 14,52232,595,595,1978.801288862198,42464,9768,33,3.303124999999999,6.2,16069.75,16093.0,12.43125,16.1,0.0,0.0
2017 4 28,62199,600,602,1978.2857905000185,53607,8592,40,3.105128205128205,8.8,5605.461538461538,16093.0,16.505128205128205,23.3,0.01,0.3
2017 6 10,57087,607,609,1979.8523786169692,42870,14217,33,5.1125,9.8,16069.75,16093.0,22.953125000000004,27.2,0.0,0.0
2017 9 3,30955,603,605,1980.60011753841,22691,8264,39,5.89473684210526,9.3,13296.894736842105,16093.0,17.510526315789477,22.8,2.5617647058823527,14.0
2017 5 16,64504,603,603,1978.2917704046204,58580,5924,33,5.915624999999996,9.8,16069.75,16093.0,18.871875000000003,24.4,0.0,0.0
2017 6 6,41268,607,612,1978.5431374043862,39373,1895,49,5.31458333333333,7.2,12954.4375,16093.0,14.44999999999999,16.7,0.39444444444444443,10.2
2017 10 1,55505,671,689,1980.7963416484254,45028,10477,35,4.208823529411762,7.7,16071.117647058823,16093.0,14.541176470588233,20.0,0.1037037037037037,1.0
2017 11 29,55295,727,729,1978.3535713612102,53407,1888,33,6.465625000000001,10.3,15856.40625,16093.0,11.253125000000004,17.8,0.0,0.0
2014 3 28,18425,331,331,1975.217950157162,17816,609,33,6.781249999999998,9.8,16069.75,16093.0,6.106250000000001,10.0,0.0,0.0
2014 7 5,22913,325,321,1976.4613062744845,15571,7342,34,6.851515151515148,10.3,16070.454545454546,16093.0,23.14242424242424,28.9,0.637037037037037,8.1
2016 10 20,63674,595,595,1977.9666586629164,58214,4825,35,5.1352941176470575,8.2,15929.14705882353,16093.0,19.314705882352936,24.4,0.0,0.0
2014 3 17,12503,330,327,1974.4592087984242,12184,319,35,5.69705882352941,8.2,15976.470588235294,16093.0,-1.2529411764705884,1.1,0.0,0.0
2014 8 25,32892,324,322,1976.4050632911392,29623,3269,33,1.9750000000000005,4.6,16069.75,16093.0,23.6875,30.6,0.0,0.0
2017 1 29,22527,592,592,1978.5439024390244,20960,1382,33,5.503124999999998,9.3,16069.75,16093.0,3.1437500000000003,7.2,0.0,0.0
2017 10 16,61730,719,723,1979.1890189647052,57485,4245,36,7.025714285714282,9.8,16071.742857142857,16093.0,16.854285714285705,21.1,0.01,0.3
2014 4 20,18464,325,323,1977.1018589968432,14255,4209,33,5.540624999999999,8.8,16069.75,16093.0,10.39375,12.8,0.0,0.0
2014 7 1,34854,327,325,1976.1006932570647,32172,2682,33,6.671875,12.4,16069.75,16093.0,24.57187499999999,28.9,0.0,0.0
2017 9 5,65445,606,607,1979.1628943415124,59323,6122,33,6.562500000000001,10.8,15969.1875,16093.0,23.228125000000006,26.7,0.0,0.0
2014 2 21,8680,324,324,1975.7207344170272,8551,129,49,4.589583333333333,10.8,4765.270833333333,16093.0,4.606249999999998,8.3,0.29743589743589743,2.0
2017 7 29,52947,608,609,1980.618493526312,40312,12635,33,6.924999999999999,11.3,16069.75,16093.0,22.60312499999999,24.4,0.011538461538461537,0.3
2014 3 14,16299,329,330,1974.8206026629293,15697,602,33,7.671875000000001,14.4,16069.75,16093.0,-1.046874999999999,5.6,0.0,0.0
2014 5 2,32377,324,323,1975.5835976129583,29327,3050,34,4.948484848484849,8.8,15553.90909090909,16093.0,16.2939393939394,19.4,0.25172413793103443,6.1
2014 7 26,27179,323,323,1977.6200290979632,20626,6553,33,4.287499999999998,7.7,16069.75,16093.0,23.315624999999997,26.1,0.08846153846153845,2.3
2017 2 3,29632,600,601,1977.089969836702,28979,561,33,5.103124999999998,7.2,16069.75,16093.0,-0.17812500000000003,3.9,0.0,0.0
2017 4 11,57310,596,600,1978.3655549349717,49496,7814,33,3.793749999999998,9.3,15844.1875,16093.0,13.334375,18.3,0.0,0.0
2017 6 17,34900,610,611,1979.7485081281295,28388,6512,50,2.8183673469387736,4.6,7685.408163265306,16093.0,20.318367346938782,22.2,0.6272727272727272,7.0
2017 12 1,50708,729,728,1978.4849971028889,48527,2181,36,4.7228571428571415,7.7,16071.742857142857,16093.0,9.67714285714286,11.1,0.07037037037037036,0.5
2014 2 28,9587,328,327,1974.8565993870866,9463,124,33,6.821874999999995,12.9,15969.1875,16093.0,-7.681249999999999,-2.2,0.0,0.0
2017 3 13,27417,603,600,1976.4978090708214,26806,497,33,4.896874999999997,9.3,16069.75,16093.0,-3.0624999999999996,0.6,0.0,0.0
2017 5 4,57429,601,604,1978.0511560306745,51969,5460,34,5.157575757575756,8.2,16070.454545454546,16093.0,12.696969696969695,15.6,0.0,0.0
2017 5 25,17495,596,600,1978.8161877734422,16948,547,42,6.041463414634145,8.8,8212.219512195123,16093.0,14.536585365853659,16.1,1.0147058823529411,7.0
2014 4 6,20750,325,324,1977.1110204081633,17150,3600,34,5.669696969696968,9.3,16070.454545454546,16093.0,7.181818181818182,13.9,0.0,0.0
2016 12 8,39626,598,602,1977.126132187775,38769,668,33,4.35625,8.2,16069.75,16093.0,5.846874999999997,7.8,0.06923076923076923,1.8
2017 3 24,34018,599,601,1977.6273389252465,32672,1152,33,6.3125,10.3,16069.75,16093.0,4.481250000000001,9.4,0.0,0.0
2017 4 12,51188,593,595,1978.4178650617675,47062,4126,33,2.640625,6.2,15542.5,16093.0,15.406249999999996,22.2,0.08846153846153845,1.3
2017 12 8,41330,723,724,1978.2160980756669,40086,1244,33,4.534374999999997,7.2,16069.75,16093.0,3.3093749999999993,5.6,0.0,0.0
2014 3 18,16679,330,330,1974.521873838146,16138,541,32,3.909677419354839,6.7,16072.0,16093.0,0.7193548387096772,5.0,0.0,0.0
2016 10 10,52255,594,596,1978.613528793058,45448,6138,33,7.834375,11.3,16069.75,16093.0,12.959375000000003,17.2,1.1448275862068966,21.3
2016 12 23,26344,598,597,1975.535898357905,25135,1065,33,6.062499999999998,10.8,16069.75,16093.0,5.978125000000001,8.3,0.0,0.0
2017 1 4,34039,599,601,1976.3419030276843,32569,1352,43,5.995238095238095,11.8,12980.642857142857,16093.0,7.959523809523811,12.8,0.767741935483871,11.7
2017 9 9,60155,600,601,1980.605490977077,47523,12632,33,5.053124999999999,7.7,16069.75,16093.0,18.056250000000002,22.2,0.0,0.0
2017 11 23,13705,692,702,1978.1355196946035,11279,2426,33,5.3249999999999975,9.3,16069.75,16093.0,2.6625000000000005,6.1,0.5769230769230769,8.9
2014 5 30,34343,325,322,1975.5836778194032,30966,3377,33,2.7312500000000006,7.7,16019.46875,16093.0,16.190624999999997,21.1,0.02,0.5
2017 11 6,57606,732,733,1979.1401692623938,54090,3516,49,4.618749999999998,9.3,8761.979166666666,16093.0,16.25833333333333,18.3,0.071875,1.3
2017 12 26,14113,715,717,1976.7430100233628,13365,748,33,9.187499999999998,13.9,16069.75,16093.0,-2.671875,0.0,0.172,4.3
2014 7 7,31863,324,322,1976.0434152401988,28980,2883,32,5.75806451612903,8.8,16072.0,16093.0,24.280645161290323,27.8,0.0,0.0
2017 5 6,46618,594,599,1979.6618162784612,37531,9087,44,7.830232558139534,11.3,8837.279069767443,16093.0,14.579069767441858,16.7,1.9066666666666667,45.2
2017 6 12,57871,612,614,1978.6010485275192,52317,5554,33,4.831249999999999,8.2,16069.75,16093.0,26.499999999999996,32.8,0.0,0.0
2017 9 13,69566,615,621,1979.0649612403101,64126,5440,39,3.784210526315789,7.2,14866.447368421053,16093.0,21.1421052631579,26.1,1.509375,10.1
2017 12 5,41792,725,727,1978.1713659459997,40555,1237,37,8.016666666666671,12.4,14653.388888888889,16093.0,11.699999999999996,14.4,0.0,0.0
2014 3 8,16350,329,330,1976.7173306630427,13981,2369,34,4.966666666666664,8.2,15918.939393939394,16093.0,5.793939393939395,15.0,0.0,0.0
2017 10 31,60242,729,730,1978.9641547861506,56605,3637,33,7.659374999999999,10.3,16069.75,16093.0,11.756249999999998,15.0,0.36153846153846153,9.1
2014 1 29,10021,322,322,1974.8992574754163,9966,55,36,4.680000000000002,9.3,12724.085714285715,16093.0,-7.337142857142857,-5.0,0.12580645161290321,1.0
2016 10 6,67585,597,600,1977.7903189213716,61782,5286,33,2.503125,5.1,16069.75,16093.0,15.656249999999996,21.1,0.0,0.0
2016 11 22,36749,592,592,1977.054984454217,35790,753,33,10.378125000000004,12.4,16069.75,16093.0,4.578124999999998,6.1,0.0,0.0
2017 12 15,22944,726,726,1977.6738848952984,22691,253,39,3.005263157894735,7.7,11893.342105263158,16093.0,-4.378947368421054,-2.2,0.20909090909090908,1.5
2017 7 13,56475,611,615,1978.968255785116,52017,4458,34,5.2303030303030305,10.8,15814.818181818182,16093.0,29.000000000000004,33.3,0.0642857142857143,0.3
2017 10 8,41044,682,685,1980.9691633840907,33452,7592,42,7.368292682926831,9.8,13888.682926829268,16093.0,21.77560975609757,22.8,0.11,1.0
2014 2 1,12771,323,322,1976.179845347967,12027,744,33,2.265625,4.1,16069.75,16093.0,2.4250000000000003,6.1,0.0,0.0
2017 8 29,35152,608,610,1979.7141958481861,33381,1771,33,4.756249999999999,6.7,15768.03125,16093.0,18.493750000000002,20.0,0.4074074074074074,2.3
2014 4 7,14677,325,323,1974.5510160579793,14074,603,39,4.3815789473684195,10.3,12904.815789473685,16093.0,6.934210526315789,10.6,0.29333333333333333,2.5
2017 1 7,4425,558,551,1977.7443522360534,4334,64,44,6.888372093023254,10.8,7427.232558139535,16093.0,-4.3046511627906945,0.6,0.3307692307692308,2.0
2017 6 20,64673,612,614,1978.5597308937931,59429,5244,42,6.356097560975609,9.8,13100.390243902439,16093.0,23.24146341463414,29.4,1.9714285714285715,28.4
2017 11 13,38753,722,724,1978.813427051875,37724,1029,33,3.5906249999999997,6.7,15969.1875,16093.0,6.250000000000002,8.3,0.0888888888888889,0.8
2014 3 3,7708,327,328,1974.823420809706,7583,125,37,5.972222222222218,8.2,12879.833333333334,16093.0,-3.330555555555554,3.3,0.07941176470588235,0.8
2017 5 23,60032,604,607,1978.2946785161732,55348,4684,42,3.1731707317073155,5.7,13703.560975609756,16093.0,16.98048780487805,20.6,1.2838709677419353,16.5
2017 2 4,19204,595,594,1978.2023309765798,18139,909,33,7.134374999999996,10.3,16069.75,16093.0,-1.8125000000000002,1.7,0.0,0.0
2017 10 14,58777,711,713,1980.4305825042316,47488,11289,43,3.135714285714284,4.6,15233.880952380952,16093.0,18.73333333333333,22.8,0.027586206896551727,0.3
2014 4 23,26949,326,326,1975.3635439474508,25576,1373,33,8.134375000000002,13.4,15956.96875,16093.0,13.15,16.1,0.0,0.0
2014 6 25,34340,327,323,1975.693491908262,31699,2641,45,5.361363636363634,10.3,12426.0,16093.0,22.743181818181817,27.8,0.0,0.0
2016 12 31,15928,579,582,1977.0084425036391,13627,2056,33,8.409375,14.9,16069.75,16093.0,3.337500000000001,7.2,0.0,0.0
2017 1 12,39783,603,602,1976.8736461153926,38521,1042,38,4.735135135135132,7.2,12282.18918918919,16093.0,9.713513513513517,15.0,1.0757575757575757,11.7
2017 9 19,57910,625,626,1979.3045727819274,54660,3250,37,7.863888888888894,11.8,14983.861111111111,16093.0,22.14444444444445,25.0,0.49687499999999996,6.0
2016 10 9,21689,585,590,1980.1645019404916,19304,2145,40,6.605128205128208,10.8,13288.461538461539,16093.0,15.47435897435897,19.4,2.691891891891892,12.4
2016 12 3,29854,595,594,1978.765001651558,27114,2295,33,8.9,10.8,16069.75,16093.0,7.603125000000001,9.4,0.0,0.0
2017 8 21,61059,610,613,1979.750059244946,54113,6946,32,4.506451612903225,9.3,16072.0,16093.0,25.38064516129032,29.4,0.0,0.0
2017 11 4,53435,714,719,1980.2751655407665,43614,9821,33,4.781249999999997,10.3,16069.75,16093.0,11.187500000000002,18.3,0.0,0.0
2016 12 22,30889,596,598,1976.2810551719515,30025,764,33,5.056250000000001,10.8,16069.75,16093.0,5.550000000000001,10.0,0.0,0.0
2017 2 12,5801,555,559,1978.9201058201058,5711,77,48,4.625531914893615,7.7,9794.297872340425,16093.0,1.6042553191489368,5.6,0.5658536585365854,5.0
2017 11 25,30518,719,722,1978.4420810349618,24291,6227,33,4.153124999999998,5.7,16069.75,16093.0,7.274999999999998,11.7,0.0,0.0
2014 5 1,26762,325,325,1975.4525652277987,25070,1692,51,6.573469387755099,12.9,5872.061224489796,16093.0,13.39387755102041,19.4,8.102500000000003,118.9
2016 12 4,27455,596,599,1978.7573383135073,24447,2539,33,6.178124999999996,10.3,16069.75,16093.0,6.3031250000000005,8.3,0.0,0.0
2017 4 13,52915,596,596,1978.328825744608,46217,6698,33,5.671874999999997,9.8,16007.25,16093.0,13.506249999999998,18.3,0.1,1.3
2017 12 7,45367,723,723,1978.3807356237705,44021,1346,33,7.296875000000001,10.8,16069.75,16093.0,5.296874999999998,7.2,0.012,0.3
2014 2 2,13816,324,324,1976.5147620160474,12837,979,44,2.0558139534883715,4.6,9031.697674418605,16093.0,3.4302325581395356,10.6,0.0,0.0
2014 5 15,26057,323,322,1975.8613091116451,24551,1506,45,5.9863636363636346,10.3,5562.454545454545,16093.0,17.43409090909091,21.7,0.24516129032258063,3.0
2014 6 26,34846,327,325,1975.8814761351869,31869,2977,43,4.135714285714282,7.7,14385.309523809523,16093.0,24.769047619047612,31.1,0.267741935483871,2.3
2016 10 18,68240,599,601,1977.9233100157958,61806,5607,33,4.546875,9.8,15580.5625,16093.0,19.725,23.9,0.0,0.0
2016 11 2,62144,593,595,1977.6818756823263,57540,3905,33,4.762499999999998,6.7,16069.75,16093.0,14.88125,20.0,0.0,0.0
2016 11 23,34466,588,591,1976.4752415092046,33050,1209,32,6.396774193548384,11.3,16072.0,16093.0,4.509677419354839,7.8,0.0,0.0
2017 7 11,61671,612,613,1979.0757117004246,57017,4654,44,5.227906976744182,8.8,13646.53488372093,16093.0,25.43953488372093,31.1,0.1464285714285714,2.3
2014 5 10,21832,324,323,1976.9642975389029,18125,3707,58,3.6140350877192953,10.3,6018.368421052632,16093.0,16.56491228070175,24.4,1.2380952380952381,16.0
2014 7 8,32713,325,324,1976.0820596917022,30493,2220,33,5.778125000000001,10.3,15969.1875,16093.0,25.95625,31.1,0.0,0.0
2014 7 21,35670,325,325,1976.183650060452,32258,3412,33,2.375,5.1,16069.75,16093.0,23.012500000000006,27.8,0.0,0.0
2017 4 6,18020,593,589,1978.7288288797242,17824,196,57,6.675,10.8,7020.464285714285,16093.0,8.032142857142857,12.2,1.4395348837209303,14.7
2017 8 9,67884,614,616,1979.2046123016257,61296,6588,33,3.2718749999999996,5.7,16069.75,16093.0,23.662500000000005,27.2,0.0,0.0
2014 6 22,29417,326,320,1977.611870328601,22612,6805,33,2.6843749999999997,5.1,15868.59375,16093.0,20.437499999999996,25.0,0.0,0.0
2014 6 29,27986,325,323,1977.9007997041556,21632,6354,33,3.8718750000000006,7.2,16069.75,16093.0,22.525,25.6,0.0,0.0
2016 10 24,55261,593,595,1977.9019230391482,50958,3848,33,6.584374999999999,11.3,16069.75,16093.0,14.668750000000005,18.9,0.0,0.0
2017 10 29,9537,697,705,1980.7019769169237,8755,782,46,6.846666666666669,11.3,9447.511111111111,16093.0,17.244444444444433,18.3,2.845945945945946,21.0
2014 3 19,13341,329,330,1974.1319396584731,13059,282,37,6.236111111111114,11.3,15804.138888888889,16093.0,2.591666666666667,6.7,0.017857142857142856,0.3
2014 5 7,32882,325,324,1975.388325794843,30290,2592,33,4.53125,7.7,16069.75,16093.0,14.325,17.8,0.0,0.0
2014 6 13,18308,325,323,1975.2105418138988,16980,1328,53,3.694230769230766,7.2,6810.423076923077,16093.0,21.15192307692308,26.1,1.7166666666666668,17.5
2016 11 13,36810,587,589,1979.155454839754,30385,5615,33,5.306249999999997,7.2,16069.75,16093.0,9.490624999999998,16.1,0.0,0.0
2017 2 6,33415,599,600,1976.9503955989614,32434,815,33,5.331249999999997,7.7,16069.75,16093.0,5.340625,8.9,0.0,0.0
2017 3 12,13442,590,587,1978.3157976412167,12957,400,33,8.190625,10.8,16069.75,16093.0,-3.7375,-0.6,0.0,0.0
2014 7 22,36886,323,322,1976.1070574692287,33883,3003,33,5.028125000000001,10.3,16069.75,16093.0,24.146874999999998,28.3,0.0,0.0
2017 8 12,60540,614,617,1980.583467202142,42240,18300,45,3.3386363636363607,6.2,15200.0,16093.0,21.974999999999994,25.6,0.3870967741935484,3.3
2016 12 17,6993,577,570,1978.5144567757009,6872,95,49,3.935416666666663,6.2,8468.729166666666,16093.0,-0.24374999999999983,3.3,1.67,13.0
2014 1 2,8600,324,321,1973.6608860909846,8419,181,40,7.071794871794873,9.8,14682.23076923077,16093.0,-1.3230769230769228,0.6,0.008571428571428572,0.3
2017 3 5,15919,590,593,1978.7646083438349,15076,684,33,7.546874999999997,10.3,16069.75,16093.0,-4.409375000000002,2.8,0.0,0.0
2017 8 15,52461,614,614,1979.696402731071,48844,3617,36,3.0657142857142836,4.6,14285.228571428572,16093.0,22.71142857142856,24.4,0.7000000000000001,6.0
2017 9 12,74580,610,611,1979.054968502337,68378,6202,33,2.390625,5.1,16069.75,16093.0,20.7,26.1,0.0,0.0
2014 1 7,6267,320,316,1974.2691136400065,6239,28,33,11.118750000000004,15.4,16069.75,16093.0,-9.703124999999998,2.8,0.596551724137931,10.4
2014 8 2,26784,322,319,1977.5623261940773,20499,6285,42,3.9878048780487796,7.2,14799.829268292682,16093.0,21.368292682926832,24.4,0.8999999999999999,5.0
2016 10 19,69772,596,598,1977.9814261179315,62733,6295,33,4.081249999999997,7.2,15956.96875,16093.0,22.687499999999993,29.4,0.0,0.0
2017 4 15,42531,591,594,1979.3168026717917,30511,12020,35,4.6,8.8,16071.117647058823,16093.0,10.63823529411765,13.9,0.0,0.0
2014 2 11,8343,319,317,1975.1468851668876,8299,44,33,5.4968749999999975,7.7,16069.75,16093.0,-5.656250000000001,-3.3,0.0,0.0
2016 10 3,56384,593,593,1978.3261964486758,50478,5291,49,2.0152173913043474,4.1,14224.717391304348,16093.0,18.13695652173913,23.0,0.0,0.0
2016 11 25,20980,589,589,1976.6896914640226,17791,2769,33,2.3375000000000004,4.6,15429.71875,16093.0,9.481250000000003,12.8,0.0,0.0
2017 5 8,51553,600,602,1978.29692035845,47290,4263,33,6.131249999999996,9.3,16069.75,16093.0,11.468749999999998,15.0,0.0,0.0
2014 1 15,21630,326,327,1974.3585174625803,21045,585,47,2.817391304347824,7.2,4392.630434782609,16093.0,3.767391304347827,8.3,1.109375,14.0
2016 11 24,12122,579,583,1977.126640926641,10236,1660,33,3.3437499999999987,4.6,16069.75,16093.0,6.778125000000001,10.0,0.0,0.0
2017 12 11,41838,721,725,1978.3111160592791,40733,1105,31,6.499999999999997,10.8,16020.766666666666,16093.0,2.3800000000000003,5.0,0.0,0.0
2016 11 7,49890,592,592,1977.7548262132789,46360,3027,33,4.896874999999999,7.2,16069.75,16093.0,8.671874999999998,12.2,0.0,0.0
2017 1 9,15856,597,595,1976.8783757900785,15790,59,33,5.324999999999997,9.3,16069.75,16093.0,-6.890624999999998,-4.4,0.0,0.0
2017 2 19,36963,596,596,1979.4114851343625,26786,8792,33,4.978124999999997,7.7,16069.75,16093.0,13.093749999999998,19.4,0.0,0.0
2017 2 21,32643,597,596,1977.5730513750282,31245,1225,33,4.368749999999997,8.2,16069.75,16093.0,4.171875,8.3,0.0,0.0
2017 4 7,35779,595,595,1977.6841508446487,34595,1184,37,8.408333333333339,11.3,15370.777777777777,16093.0,8.933333333333332,10.6,2.2241379310344827,24.4
2014 1 1,6059,321,320,1975.7105603846865,5407,652,33,5.078124999999997,8.8,16069.75,16093.0,-1.4968749999999995,0.6,0.0,0.0
2014 4 27,21926,325,324,1977.3970661500139,18065,3861,34,5.851515151515149,8.8,16070.454545454546,16093.0,11.263636363636364,15.0,0.6566666666666666,18.0
2017 3 17,7098,239,522,1977.2825959566364,6808,221,33,6.503124999999997,9.3,16069.75,16093.0,2.48125,6.7,0.0,0.0
2014 3 21,20718,331,331,1975.0238022890712,19746,972,32,7.7806451612903205,10.3,16072.0,16093.0,7.316129032258063,11.7,0.0,0.0
2017 9 21,67742,635,638,1979.3875569772092,61898,5844,33,6.099999999999998,8.2,16069.75,16093.0,24.615625000000012,26.7,0.0,0.0
2014 7 15,22963,325,325,1975.5946171693736,21550,1413,60,3.1017543859649095,6.7,7813.228070175439,16093.0,23.40701754385965,27.2,7.202272727272727,47.5
2017 4 24,48692,597,599,1978.0704814452256,44785,3907,33,3.206249999999999,5.7,15969.1875,16093.0,10.575000000000001,13.3,0.012,0.3
2017 9 26,71518,649,653,1979.1721414845063,66325,5193,43,2.645238095238094,4.6,13011.92857142857,16093.0,21.37380952380952,25.0,0.0,0.0
2014 2 6,7196,317,319,1975.5052646356871,7123,73,38,5.3540540540540515,9.8,15231.297297297297,16093.0,-1.637837837837838,1.7,1.496551724137931,30.5
2017 11 12,32471,717,717,1979.9488034857202,28994,3477,33,1.7656250000000004,3.1,16069.75,16093.0,2.5281250000000006,7.2,0.0,0.0
2014 5 11,28326,323,322,1977.509692867339,21717,6609,33,4.965624999999998,8.8,15821.21875,16093.0,20.325,25.0,1.5233333333333334,20.1
2017 11 14,52279,724,728,1978.4774857233817,50589,1690,34,4.475757575757573,6.2,16021.69696969697,16093.0,5.203030303030302,7.8,0.06153846153846154,0.8
2014 7 29,37092,323,322,1975.982351903053,34000,3092,33,5.746874999999997,9.3,16069.75,16093.0,22.256249999999998,25.6,0.5,13.0
2017 12 21,37592,740,741,1977.3464431906184,36352,1240,33,4.478124999999997,7.7,16069.75,16093.0,2.034375,5.0,0.0,0.0
2016 11 20,20617,585,587,1978.698758735788,19247,1185,34,9.500000000000005,13.9,14981.939393939394,16093.0,6.518181818181817,12.8,0.7258064516129032,6.0
2016 12 5,35932,598,600,1977.5022174555784,34687,1072,40,4.848717948717947,10.8,14487.102564102564,16093.0,6.569230769230771,10.6,0.6038461538461538,5.0
2017 7 18,66234,613,617,1979.0281007434578,60408,5826,35,4.0441176470588225,7.7,16071.117647058823,16093.0,25.576470588235296,29.4,0.0,0.0
2017 8 25,64217,610,614,1979.9046738192133,55880,8337,33,3.2874999999999988,6.2,16069.75,16093.0,21.928124999999994,25.0,0.0,0.0
2017 11 28,51170,726,728,1978.458211619604,49723,1447,35,4.241176470588235,7.7,16071.117647058823,16093.0,5.741176470588234,11.1,0.0,0.0
2014 1 12,12515,325,326,1976.3809523809523,11739,776,41,6.999999999999998,10.8,13758.925,16093.0,8.545000000000002,12.0,1.0588235294117647,18.3
2014 7 10,36288,325,325,1976.083921969401,33273,3015,35,3.3294117647058816,7.7,15675.911764705883,16093.0,24.067647058823532,27.8,0.1064516129032258,0.8
2014 8 15,32480,324,323,1976.4037963761864,28977,3503,33,5.4499999999999975,8.8,16069.75,16093.0,21.018750000000004,24.4,0.0,0.0
2017 5 19,62143,603,605,1978.4135405501966,55156,6987,33,5.253124999999998,8.2,16019.46875,16093.0,26.306250000000006,32.8,0.0,0.0
2014 5 14,30044,324,323,1975.5810117172289,28251,1793,40,3.5923076923076898,6.7,15124.871794871795,16093.0,13.384615384615385,17.2,0.0,0.0
2016 12 15,25015,598,599,1976.846679409492,24782,191,35,9.311764705882359,13.9,15526.79411764706,16093.0,-1.188235294117647,3.9,0.0,0.0
2017 1 8,6417,570,572,1978.4142086901363,6343,54,36,8.008571428571425,10.8,12662.514285714286,16093.0,-5.834285714285714,-3.9,0.56875,5.6
2017 4 23,49107,595,598,1979.899488836507,36787,12320,34,4.999999999999997,7.2,16021.69696969697,16093.0,11.639393939393937,15.0,0.3185185185185185,3.0
2017 7 2,43036,610,610,1979.7626146032583,28250,14786,34,4.766666666666666,8.2,14415.242424242424,16093.0,25.21212121212121,31.1,1.4310344827586208,13.5
2017 9 28,70883,663,664,1979.1184729213414,65529,5354,42,6.224390243902439,10.8,14475.634146341463,16093.0,23.84634146341463,26.1,0.0,0.0
2017 10 9,38391,685,691,1980.4354600440392,35871,2520,48,7.223404255319151,13.4,8085.765957446809,16093.0,21.727659574468102,22.2,0.5514285714285715,8.0
2017 1 22,20523,593,594,1978.6521784998417,18954,1407,58,2.792982456140348,5.1,3399.6666666666665,16093.0,7.92631578947368,11.7,0.020689655172413793,0.3
2017 1 26,33002,599,599,1976.8921367202092,32300,597,35,5.391176470588237,12.9,16071.117647058823,16093.0,7.5852941176470585,11.7,0.06785714285714287,0.8
2014 1 19,9028,327,326,1976.1220848880596,8576,452,33,6.8999999999999995,9.8,16069.75,16093.0,-0.81875,2.8,0.45185185185185184,6.1
2014 6 28,28507,327,324,1977.4666241108882,21934,6573,33,3.7562500000000005,6.2,16069.75,16093.0,23.528124999999996,29.4,0.0,0.0
2016 10 1,39811,587,587,1979.2020501674206,33879,5384,35,6.276470588235291,7.7,14731.20588235294,16093.0,15.608823529411765,17.2,0.6586206896551725,7.9
2016 10 30,37765,588,591,1978.815074937832,29362,7704,39,4.957894736842103,14.4,15652.394736842105,16093.0,18.48157894736843,22.8,0.16666666666666666,2.0
2014 3 12,15101,330,330,1974.5658686730505,14620,481,39,5.1342105263157904,10.3,12803.552631578947,16093.0,8.410526315789474,12.8,0.11935483870967742,1.3
2017 4 9,43896,593,597,1979.92703494393,32665,11231,33,4.818750000000001,9.3,16069.75,16093.0,10.590625,15.6,0.0,0.0
2014 6 19,31724,326,324,1975.7476444777033,29401,2323,33,3.321874999999999,6.7,16019.46875,16093.0,23.66249999999999,31.1,0.10689655172413792,0.8
2016 11 17,53895,589,591,1977.5299517568703,51335,2192,33,4.931249999999999,8.8,16069.75,16093.0,13.059375,17.2,0.0,0.0
2017 7 23,46942,607,609,1980.8059772673078,36129,10813,38,3.132432432432432,6.2,13140.72972972973,16093.0,24.094594594594593,26.7,2.359375,24.0
2017 12 17,22403,723,727,1979.18998224465,21491,912,34,2.6515151515151505,5.7,16070.454545454546,16093.0,1.4636363636363647,3.9,0.0,0.0
2017 1 5,28393,597,600,1976.5509819552142,27711,573,32,8.954838709677418,12.9,16072.0,16093.0,0.7741935483870971,7.8,0.0,0.0
2017 1 31,25169,596,598,1977.201607366423,24907,226,48,3.7723404255319113,6.7,11320.191489361701,16093.0,-1.327659574468086,1.1,0.0857142857142857,0.8
2017 2 10,1997,249,456,1978.7232960325534,1971,16,33,8.406250000000002,12.9,16069.75,16093.0,-4.171874999999998,-0.6,0.9884615384615386,18.8
2014 2 5,2746,307,307,1975.980882352941,2720,26,56,4.816363636363635,8.8,8165.636363636364,16093.0,0.2709090909090909,1.7,2.31875,18.0
2017 3 27,26301,599,601,1977.6284946023964,25375,791,44,3.193023255813951,6.2,6473.232558139535,16093.0,7.455813953488371,13.9,0.5472222222222222,4.0
2014 2 19,8506,321,321,1975.3542531735675,8429,77,40,3.3230769230769215,6.7,10950.589743589744,16093.0,2.515384615384616,6.0,0.9677419354838711,6.0
2014 3 20,19695,330,330,1974.5236889310963,18954,741,43,6.614285714285716,11.3,12175.52380952381,16093.0,8.099999999999998,12.8,2.1181818181818177,18.3
2014 6 10,33435,324,323,1975.535455394826,31039,2396,51,2.1653061224489787,5.1,12751.244897959185,16093.0,21.20816326530612,25.0,1.5037037037037038,24.1
2014 6 24,35897,327,324,1975.8677436855749,33178,2719,33,5.687500000000003,11.3,16069.75,16093.0,21.890624999999996,25.6,0.0,0.0
2017 2 1,35221,600,602,1977.0528335901836,34611,516,33,4.66875,8.2,15429.71875,16093.0,3.55625,8.3,0.12592592592592594,1.3
2017 5 2,61207,604,607,1978.2928361884756,54750,6457,41,8.827499999999999,12.4,12005.625,16093.0,18.285,24.4,0.07142857142857142,0.5
2014 1 3,1144,289,288,1975.4968833481746,1123,21,43,10.026190476190479,14.9,5377.738095238095,16093.0,-8.814285714285713,-3.9,0.6275000000000002,4.0
2014 2 4,8709,323,323,1975.0877782931354,8624,85,36,3.5399999999999983,6.2,16014.6,16093.0,-1.6771428571428573,1.1,1.7833333333333334,27.4
2014 2 22,13044,325,326,1976.9107940873153,11636,1408,33,5.278124999999998,9.3,15367.15625,16093.0,5.609375,11.7,0.36666666666666664,3.6
2014 7 17,38619,326,326,1976.0244812574208,35377,3242,33,3.7218749999999994,6.2,16069.75,16093.0,23.81875000000001,26.7,0.023076923076923075,0.3
2016 12 7,38021,598,600,1977.196986939793,37121,764,44,4.248837209302323,7.2,12505.906976744185,16093.0,6.351162790697672,8.3,1.1949999999999998,9.4
2016 12 28,23601,594,595,1976.6459116868646,21329,1928,34,6.906060606060603,9.3,16070.454545454546,16093.0,5.83030303030303,13.3,0.0,0.0
2017 1 1,16009,588,590,1976.9744731610338,12387,3313,25,5.141666666666667,8.8,16093.0,16093.0,7.483333333333333,10.6,0.0,0.0
2017 1 17,18646,596,592,1976.7078762076305,18451,170,37,3.258333333333331,6.2,12013.694444444445,16093.0,4.586111111111113,5.6,0.6333333333333334,4.8
2017 5 10,58454,598,600,1978.0725714285713,54034,4420,33,2.7718749999999996,5.1,16069.75,16093.0,12.340624999999996,15.6,0.0,0.0
2014 1 30,12158,324,322,1974.6457451224574,12045,113,33,4.006249999999998,9.3,16069.75,16093.0,-5.946875000000002,-3.3,0.052000000000000005,1.3
2017 5 5,24009,596,595,1978.8818292365152,23037,972,57,7.126785714285719,12.4,9150.92857142857,16093.0,13.344642857142858,16.1,2.3023255813953494,17.3
2017 8 6,56476,612,616,1980.937074474265,40482,15994,33,5.731249999999997,7.2,16069.75,16093.0,22.77187499999999,25.0,0.276,6.9
2017 11 5,34943,698,707,1980.6003822264693,31011,3932,44,3.8813953488372066,5.7,14219.418604651162,16093.0,13.06511627906977,16.1,0.09444444444444444,0.8
2014 5 25,25637,323,319,1976.9827070368597,16713,8924,38,4.318918918918918,8.2,15703.864864864865,16093.0,17.737837837837844,25.0,0.11379310344827585,1.3
2016 10 2,41023,586,588,1979.404895476556,33554,6777,38,3.0324324324324308,7.2,14552.351351351352,16093.0,16.11081081081081,18.3,0.028124999999999997,0.3
2017 8 17,66656,614,616,1979.3199316930832,59653,7003,33,3.656249999999999,5.7,16069.75,16093.0,23.937500000000004,26.1,0.0,0.0
2014 2 16,3003,302,308,1976.6632373113855,2916,87,40,8.166666666666663,12.9,14394.615384615385,16093.0,-2.0897435897435903,1.0,0.27714285714285714,3.0
2014 7 12,28718,325,324,1977.3982308913585,22048,6670,36,2.7914285714285723,8.2,12410.857142857143,16093.0,22.062857142857148,26.7,0.0,0.0
2017 2 5,20059,593,594,1978.6575601555112,19093,839,33,6.0624999999999964,10.8,16069.75,16093.0,1.9281249999999999,5.0,0.0,0.0
2017 12 18,40168,731,734,1977.907519223822,39075,1093,40,3.033333333333332,5.7,15259.948717948719,16093.0,3.0333333333333323,8.3,0.05925925925925926,0.5
2014 4 24,28107,325,325,1975.422820318423,26380,1727,33,10.278125000000003,13.9,16069.75,16093.0,10.949999999999998,17.2,0.0,0.0
2016 10 21,40873,593,594,1978.25519280139,38683,1974,50,3.623404255319146,9.3,7353.297872340426,16093.0,19.825531914893617,21.7,1.4777777777777779,20.0
2017 3 22,26927,599,602,1977.439042916825,26396,410,33,9.043750000000003,14.4,16069.75,16093.0,5.609375000000001,12.8,0.0,0.0
2017 8 23,65070,613,613,1979.473412977278,59166,5904,39,5.873684210526312,11.8,15639.657894736842,16093.0,25.336842105263155,28.9,0.565625,6.0
2014 4 11,26798,325,325,1975.2938761006042,25327,1471,33,5.237499999999997,10.3,16069.75,16093.0,12.628125,20.0,0.0,0.0
2014 5 19,31692,322,321,1975.4286109478198,28920,2772,33,5.821874999999999,9.8,16069.75,16093.0,16.587500000000006,22.8,0.0,0.0
2017 8 31,64881,608,610,1979.5147618001454,58619,6262,33,5.762499999999996,7.7,16069.75,16093.0,23.328125,29.4,0.05,1.3
2017 10 2,65511,674,688,1979.2683148668762,60226,5285,33,3.121874999999999,4.6,16069.75,16093.0,16.43125,22.2,0.0,0.0
2016 11 18,53390,590,592,1977.7450025062656,49786,3034,33,3.7749999999999977,5.7,16069.75,16093.0,12.165625000000002,19.4,0.0,0.0
2017 10 23,69274,727,730,1979.2082973483032,62500,6774,35,3.9470588235294124,8.2,15870.323529411764,16093.0,17.411764705882355,22.2,0.0,0.0
2014 3 24,13598,331,331,1974.6762019775078,13249,349,33,6.634374999999996,10.8,16069.75,16093.0,-1.5874999999999992,2.8,0.0,0.0
2014 8 26,34519,324,322,1976.3036950034918,31499,3020,36,2.4628571428571426,5.1,16071.742857142857,16093.0,24.17714285714287,27.8,0.0,0.0
2017 8 22,60541,611,612,1979.5426558265583,54820,5721,36,5.520000000000001,11.3,14980.8,16093.0,25.565714285714282,29.4,0.0,0.0
2017 12 3,33728,721,724,1979.776892818829,30543,3185,35,2.4382352941176464,3.6,16012.29411764706,16093.0,6.202941176470589,9.0,0.0,0.0
2014 4 16,20082,325,325,1975.489709347997,19095,987,39,8.765789473684212,11.3,14518.026315789473,16093.0,4.344736842105265,9.4,1.2305555555555552,16.5
2017 3 23,29885,602,603,1977.2220411842197,28920,796,33,6.478124999999996,12.4,16069.75,16093.0,-0.3499999999999991,6.1,0.0,0.0
2016 10 12,57690,599,601,1978.1290787403068,52882,4402,34,2.639393939393939,4.1,16070.454545454546,16093.0,13.86969696969697,18.9,0.0,0.0
2014 2 7,8495,318,318,1974.8818084727661,8427,68,33,5.496874999999998,7.7,16069.75,16093.0,-2.1718749999999987,0.0,0.0,0.0
2014 2 10,6846,321,317,1975.0621693121693,6804,42,39,6.439473684210525,9.3,12318.605263157895,16093.0,-3.231578947368421,-1.7,0.528125,3.3
2017 9 10,60711,599,600,1980.6676956821966,47513,13198,33,5.043749999999999,6.7,16069.75,16093.0,18.471874999999997,23.9,0.0,0.0
2017 11 10,38432,722,727,1978.886675544202,36937,1495,37,8.522222222222226,12.9,15827.138888888889,16093.0,6.525,12.2,0.0,0.0
2014 2 27,12036,326,326,1974.661930385068,11894,142,36,5.6485714285714295,10.8,14934.114285714286,16093.0,-3.422857142857143,1.0,0.05,0.8
2014 3 23,11740,329,329,1976.8881245820196,10467,1273,34,6.2424242424242395,8.2,16070.454545454546,16093.0,6.296969696969697,14.4,0.0,0.0
2014 3 29,4480,323,325,1976.07370659107,4233,247,39,4.436842105263157,8.8,11688.473684210527,16093.0,8.397368421052631,10.0,1.44,8.0
2014 8 30,22689,324,322,1977.1184871889175,16317,6372,33,3.531250000000001,6.7,16069.75,16093.0,21.793749999999992,25.0,0.0,0.0
2017 7 6,62147,613,615,1979.1965347495457,56029,6118,33,3.593749999999999,5.7,15806.125,16093.0,22.559374999999996,24.4,0.0,0.0
2017 8 28,60886,614,615,1979.4954760956896,54801,6085,33,4.41875,8.8,16069.75,16093.0,20.228124999999995,25.0,0.0,0.0
2014 8 1,32654,323,320,1976.2425926557332,29331,3323,35,4.749999999999997,8.8,15976.470588235294,16093.0,23.95588235294117,27.8,0.0,0.0
2017 1 19,36561,600,600,1976.7361872985352,35520,890,38,4.070270270270269,6.7,16029.405405405405,16093.0,6.402702702702704,12.2,0.092,2.3
2017 10 26,64003,734,736,1979.132050365097,60359,3644,33,5.834374999999998,8.2,16069.75,16093.0,13.734375000000004,16.7,0.0,0.0
2016 11 5,48689,586,587,1979.128911529265,37799,9798,33,5.0437499999999975,6.7,16069.75,16093.0,12.065625,17.8,0.0,0.0
2017 4 29,57701,593,598,1979.9157029041378,41257,16444,39,4.423684210526315,10.8,13386.184210526315,16093.0,20.068421052631578,29.4,0.3709677419354839,4.0
2014 1 20,13407,328,327,1975.455123729734,12891,516,33,6.61875,10.3,16069.75,16093.0,4.221875,8.3,0.0,0.0
2016 10 4,60379,595,597,1978.1300602312738,56011,3911,35,3.905882352941177,7.7,14588.70588235294,16093.0,18.029411764705877,21.1,0.0,0.0
2017 9 16,61036,619,622,1980.6121658505258,47743,13293,44,2.6348837209302314,5.7,10608.441860465116,16093.0,22.62558139534884,26.1,0.0,0.0
2017 10 5,70174,687,693,1979.0934948118131,65055,5119,33,5.662499999999998,7.7,16069.75,16093.0,20.878125000000004,27.2,0.0,0.0
2017 10 15,56529,711,713,1980.5872947090177,45013,11516,42,4.15121951219512,7.7,9497.780487804877,16093.0,19.80000000000001,22.8,0.0375,0.3
2014 1 28,10033,322,322,1974.8872421389947,9986,47,33,6.040624999999999,9.8,16069.75,16093.0,-6.8531249999999995,-1.7,0.0,0.0
2016 11 21,32972,587,592,1977.3764888337469,32412,451,33,11.043750000000003,15.4,15705.5625,16093.0,4.346874999999999,5.6,0.215625,6.9
2017 3 10,18412,597,595,1977.3379868151349,18129,222,44,6.872093023255811,13.4,9979.279069767443,16093.0,4.03720930232558,12.2,0.49729729729729727,6.0
2014 6 3,29501,323,322,1975.1554046614058,27248,2253,33,3.8124999999999996,7.2,16069.75,16093.0,20.940624999999994,26.7,0.0,0.0
2017 1 21,26610,594,595,1978.4799521491625,24254,2156,40,3.3743589743589726,5.1,7788.410256410257,16093.0,6.805128205128206,8.3,0.2275862068965517,2.0
2017 10 27,69268,734,735,1979.1232422834858,62765,6503,33,4.5156249999999964,7.2,16069.75,16093.0,12.03125,15.6,0.0,0.0
2017 11 21,52451,722,723,1978.0368772304776,49900,2551,33,7.381249999999997,9.8,16069.75,16093.0,8.75,13.9,0.0,0.0
2014 4 14,28832,327,327,1975.5140782852534,26033,2799,34,9.433333333333334,15.4,15863.575757575758,16093.0,13.442424242424247,18.3,0.0,0.0
2014 4 21,27124,326,326,1975.4863410093487,24709,2415,33,2.6656249999999995,4.6,16069.75,16093.0,8.925000000000002,13.9,0.0,0.0
2017 4 16,48140,593,598,1980.0341984361214,31013,17127,35,5.56176470588235,8.2,13849.29411764706,16093.0,18.220588235294116,27.8,0.017241379310344827,0.3
2017 10 19,72311,723,725,1978.9896192216663,66777,5534,33,4.387499999999999,7.2,16069.75,16093.0,15.928124999999998,20.6,0.0,0.0
2017 4 8,35936,592,592,1979.4412155871792,29356,6580,33,8.643749999999997,11.8,16069.75,16093.0,8.421875,14.4,0.0,0.0
2017 5 15,54715,603,604,1978.4057737310968,50551,4164,33,9.256250000000003,12.9,16069.75,16093.0,16.165625000000002,20.6,0.031034482758620686,0.3
2017 5 20,47859,601,604,1979.7890183890183,37075,10784,34,5.669696969696968,9.3,16070.454545454546,16093.0,18.427272727272733,31.7,0.0,0.0
2017 9 2,37812,605,605,1979.916116179092,26571,11241,33,4.1031249999999995,6.2,16069.75,16093.0,16.971875,20.0,0.04,1.0
2014 4 2,22515,326,327,1974.9941934893927,21872,643,33,2.49375,5.1,16069.75,16093.0,6.300000000000001,8.3,0.06153846153846154,0.8
2014 5 24,16798,321,320,1976.4356951359632,13054,3744,40,3.7589743589743567,7.2,14744.76923076923,16093.0,15.997435897435894,20.0,1.0205882352941178,8.1
2016 11 29,14588,591,593,1978.213028046489,14445,108,43,6.971428571428573,11.3,9848.166666666666,16093.0,13.035714285714281,15.0,2.2916666666666665,17.0
2014 3 10,17231,330,330,1974.8163240846168,16687,544,36,5.028571428571426,9.8,15106.2,16093.0,5.1914285714285695,10.6,0.0,0.0
2014 5 21,34420,324,322,1975.252096601299,31719,2701,33,3.9468749999999977,5.7,16069.75,16093.0,20.603124999999995,23.3,0.0,0.0
2016 11 27,24077,588,590,1977.940339174144,21207,2570,33,6.224999999999997,8.8,16069.75,16093.0,7.378125000000001,11.1,0.0,0.0
2017 6 3,56264,603,603,1979.9811179955677,42459,13805,33,5.3031250000000005,9.3,15844.1875,16093.0,18.918749999999996,23.9,0.05925925925925926,0.5
2017 11 30,51700,727,727,1978.3547795599259,50006,1694,34,3.2848484848484834,6.7,16070.454545454546,16093.0,6.4363636363636365,10.6,0.0,0.0
2014 2 23,13324,326,326,1976.8252124884289,11883,1441,33,2.8218749999999995,5.7,16069.75,16093.0,6.803124999999999,12.8,0.0,0.0
2016 11 15,22896,590,593,1978.4518339379283,22485,342,46,6.135555555555559,11.8,10867.533333333333,16093.0,10.304444444444442,12.8,2.341025641025641,23.0
2017 1 20,26752,601,601,1976.9991171842014,26234,441,38,2.8621621621621607,4.6,15594.486486486487,16093.0,6.356756756756752,7.8,0.08518518518518518,1.0
2017 4 25,20332,593,593,1977.6915878291998,19536,796,47,7.17826086956522,10.3,11933.630434782608,16093.0,12.132608695652175,14.0,0.7733333333333334,5.3
2016 10 14,60566,598,602,1978.0065736615295,54622,5286,33,5.062499999999998,8.8,16069.75,16093.0,13.250000000000002,17.2,0.03333333333333333,0.3
2017 1 25,36931,601,603,1976.9620203711456,36040,769,35,7.444117647058819,11.8,15782.058823529413,16093.0,5.68529411764706,10.0,2.2,31.0
2017 3 18,4106,283,505,1978.7124365482234,3934,139,41,4.617499999999998,7.2,12595.95,16093.0,2.325,4.4,0.0911764705882353,0.8
2017 10 6,70257,687,690,1979.227013027782,63373,6884,33,4.090624999999998,6.2,15743.625,16093.0,22.19375,26.7,0.0,0.0
2017 11 16,49737,721,725,1978.743380086798,48042,1695,37,6.708333333333332,9.8,15162.638888888889,16093.0,11.163888888888888,13.9,0.4636363636363637,3.0
2014 1 21,3804,312,311,1974.1288700714474,3779,25,44,7.004651162790695,10.3,7399.418604651163,16093.0,-3.969767441860466,5.6,0.25,2.0
2016 11 26,23811,588,589,1977.3391160054307,19449,3760,35,4.564705882352943,8.8,15202.588235294117,16093.0,9.726470588235296,12.0,0.0,0.0
2017 7 21,60072,612,614,1979.5347090899077,53662,6410,33,4.878124999999998,8.2,15969.1875,16093.0,29.971874999999997,34.4,0.0,0.0
2017 11 24,23724,718,720,1977.6420608763087,20272,3452,33,3.643749999999998,6.2,16069.75,16093.0,4.53125,8.9,0.0,0.0
2014 3 7,13304,330,327,1974.6110940851977,13052,252,36,4.5457142857142845,7.2,15469.085714285715,16093.0,-0.8971428571428571,2.0,0.0,0.0
2014 7 9,34426,324,323,1975.9280546118032,31790,2636,33,6.812499999999997,14.4,15906.6875,16093.0,24.753124999999997,28.3,0.0,0.0
2017 8 5,58971,614,615,1980.561445353425,42576,16395,41,5.602499999999997,9.3,15068.6,16093.0,24.410000000000004,27.2,0.5700000000000001,7.0
2017 10 18,70234,721,723,1978.9863602305916,65515,4719,33,5.131249999999996,7.2,16069.75,16093.0,14.625,21.1,0.0,0.0
2017 10 20,72173,726,728,1979.1156582809547,64852,7321,33,5.221874999999999,7.2,16069.75,16093.0,18.278125000000003,23.9,0.0,0.0
2014 4 8,21884,326,326,1975.446420104315,21090,794,47,5.389130434782607,12.4,5630.304347826087,16093.0,11.297826086956524,18.3,1.2375,8.9
2016 10 28,46242,593,594,1977.6789396842778,43934,2033,35,8.723529411764707,13.9,15457.176470588236,16093.0,10.876470588235293,16.1,1.4933333333333332,13.7
2017 10 24,48077,729,732,1979.5967342465754,46048,2029,43,10.385714285714286,13.9,13088.92857142857,16093.0,20.142857142857146,22.2,0.6805555555555556,6.4
2017 9 17,59967,616,620,1980.4841476144668,46919,13048,40,1.8333333333333333,5.1,14219.48717948718,16093.0,21.789743589743587,25.0,0.0,0.0
2017 9 30,50153,666,665,1980.6578514725916,41621,8532,35,5.267647058823529,9.3,15964.970588235294,16093.0,16.08823529411765,18.9,0.08148148148148149,0.8
2014 5 26,26930,323,321,1977.047846376656,18643,8287,33,4.909374999999999,9.3,16069.75,16093.0,21.903124999999996,29.4,0.0,0.0
2016 12 6,33332,600,603,1976.799714542803,32363,791,33,3.6593749999999985,5.7,16069.75,16093.0,6.250000000000003,8.3,0.27599999999999997,5.6
2017 2 28,41835,601,604,1977.3371010307226,40197,1369,39,2.973684210526314,5.7,13204.184210526315,16093.0,9.48947368421053,13.9,0.0,0.0
2017 11 3,71818,731,733,1979.0329338067697,64126,7692,35,4.0705882352941165,10.3,12733.176470588236,16093.0,17.508823529411767,22.2,0.0,0.0
2017 12 13,32623,722,728,1978.0388160171117,32135,488,33,11.271875000000003,14.9,16069.75,16093.0,-2.196875,5.0,0.0,0.0
2017 2 24,47031,602,601,1978.0840884209545,42613,3726,33,4.29375,10.3,16019.46875,16093.0,11.006249999999998,16.7,0.0,0.0
2017 3 29,42430,598,598,1977.5424507112552,39977,2180,38,6.3891891891891905,10.3,14966.18918918919,16093.0,9.483783783783787,15.6,1.85,23.6
2016 11 1,55967,592,594,1977.5572181925486,52684,2927,33,2.8718749999999997,5.7,16069.75,16093.0,9.584375000000003,14.4,0.0,0.0
2017 2 25,33343,593,596,1979.145981563913,28020,4502,54,5.262264150943394,9.8,3020.943396226415,16093.0,11.515094339622642,17.2,0.16538461538461538,4.1
2017 7 17,62555,612,613,1979.2857367510614,56610,5945,33,4.0375000000000005,7.7,16069.75,16093.0,25.03750000000001,27.8,0.0,0.0
2014 7 16,35391,325,325,1975.940396136447,32714,2677,45,3.6749999999999985,8.2,14742.75,16093.0,23.152272727272727,28.3,2.7457142857142856,26.2
2014 7 27,27004,322,321,1977.8348018659,21228,5776,36,5.265714285714284,7.7,16071.742857142857,16093.0,24.37999999999999,28.3,0.1733333333333333,2.3
2014 8 7,36362,324,323,1976.0590421513823,33099,3263,31,4.743333333333333,7.7,16074.4,16093.0,24.869999999999994,29.4,0.0,0.0
2016 12 9,33547,601,602,1977.2653422982885,32841,567,33,9.015625000000002,13.4,16069.75,16093.0,2.7718750000000005,5.6,0.0,0.0
2014 1 6,9510,322,323,1974.2720799234776,9409,101,51,8.012,12.4,5212.88,16093.0,8.251999999999999,11.7,0.811627906976744,6.0
2017 11 18,27745,717,720,1979.6196278158668,25360,2385,34,5.169696969696971,10.3,15729.121212121212,16093.0,5.884848484848484,11.1,0.08846153846153845,1.5
2014 1 22,2451,292,306,1975.6884028064383,2423,28,41,8.997499999999999,12.4,10734.225,16093.0,-10.672499999999998,-7.8,0.4194444444444445,8.9
2014 7 20,30296,324,323,1977.8483146067415,22784,7512,35,4.523529411764706,7.7,16071.117647058823,16093.0,22.202941176470585,25.6,0.0,0.0
2014 7 24,36693,323,322,1976.1739091639154,33623,3070,37,4.986111111111109,9.8,15804.111111111111,16093.0,25.325,27.8,0.0896551724137931,0.5
2014 7 28,33189,322,322,1976.2249826784123,30310,2879,39,6.207894736842104,11.3,15169.28947368421,16093.0,25.018421052631577,28.9,1.2781250000000002,12.0
2016 10 5,65053,598,600,1977.8151252136681,60360,4237,35,3.361764705882351,5.1,16071.117647058823,16093.0,15.335294117647054,19.4,0.0,0.0
2017 2 11,8959,399,565,1978.6599346252626,8582,312,33,3.8687499999999977,7.7,15762.625,16093.0,2.6624999999999996,6.7,0.0,0.0
2016 11 3,59641,592,592,1977.7128208792583,56082,3142,33,4.971875000000002,9.8,13948.34375,16093.0,17.290625,22.2,0.0,0.0
2016 11 19,41213,589,592,1978.8900867586403,34750,5662,35,3.170588235294116,7.2,16071.117647058823,16093.0,11.96470588235294,15.6,0.0,0.0
2017 8 7,23395,612,613,1979.9345203650123,22402,993,36,3.2828571428571416,6.2,15124.942857142858,16093.0,20.908571428571427,23.3,0.635483870967742,6.0
2017 8 10,66249,616,617,1979.2337968340357,59733,6516,33,3.3218750000000004,6.2,15460.90625,16093.0,23.437499999999996,27.8,0.0,0.0
2017 8 20,55442,610,610,1980.8184040026747,41412,14030,33,5.199999999999998,7.2,16069.75,16093.0,25.834374999999994,28.9,0.0,0.0
2014 1 13,20633,327,327,1974.2771763532053,20045,588,33,5.3375,11.3,15969.1875,16093.0,4.450000000000002,9.4,0.0,0.0
2014 8 14,35154,323,322,1976.0063704261595,31867,3287,33,5.690624999999997,7.2,16069.75,16093.0,22.631249999999994,26.1,2.814814814814815,74.2
2016 11 9,38060,595,594,1978.000353616408,36923,938,36,2.85142857142857,5.1,15233.0,16093.0,12.817142857142853,15.6,0.02258064516129032,0.3
2017 3 1,40592,603,605,1977.5928964533225,39374,1027,52,4.431372549019605,9.3,4831.823529411765,16093.0,10.245098039215689,13.3,0.01935483870967742,0.3
2017 5 21,54874,599,602,1980.1271944510881,40108,14766,33,3.7375000000000007,6.7,16069.75,16093.0,14.193750000000001,17.8,0.0,0.0
2017 7 12,61786,614,615,1978.9492655719532,57317,4469,33,5.253125000000002,10.8,16069.75,16093.0,27.596875000000008,32.2,0.45185185185185184,4.1
2014 4 9,26931,326,326,1975.1600667753708,25758,1173,33,6.6312500000000005,11.3,16069.75,16093.0,12.112500000000002,16.7,0.256,6.4
2017 1 28,21302,591,595,1978.428209333532,20205,984,33,8.69375,10.8,16069.75,16093.0,2.7874999999999996,4.4,0.0,0.0
2017 4 2,39780,595,597,1979.5142379088268,30696,9084,33,5.568749999999999,9.8,16069.75,16093.0,10.134374999999999,18.3,0.012,0.3
2017 4 30,42928,595,593,1979.8898380231733,32894,10034,34,6.424242424242422,10.8,16070.454545454546,16093.0,17.16060606060607,26.7,0.16399999999999998,4.1
2017 8 18,36620,614,617,1979.647987698495,33578,3042,54,5.826415094339619,8.8,12919.67924528302,16093.0,24.59811320754716,26.1,0.6885714285714286,6.0
2017 11 15,54230,723,726,1978.458230132673,52446,1784,34,3.857575757575755,5.1,16070.454545454546,16093.0,6.31818181818182,9.4,0.0,0.0
2014 6 5,24619,325,323,1975.8600530269553,22631,1988,42,4.49512195121951,8.2,12624.073170731708,16093.0,19.38048780487805,24.4,1.0138888888888888,7.0
2017 1 11,32419,602,601,1976.4520500237454,31733,566,37,5.924999999999996,10.3,15207.361111111111,16093.0,7.48888888888889,10.0,0.5758620689655172,5.0
2017 8 11,63140,616,617,1979.5123002880505,54905,8235,33,4.125000000000001,7.7,16069.75,16093.0,23.284375000000004,26.7,0.0,0.0
2017 12 24,13216,715,720,1975.535894843276,11841,1375,38,5.705405405405402,9.3,15139.027027027027,16093.0,5.210810810810815,11.1,1.1484848484848484,15.7
2014 4 1,23908,328,328,1974.9408923239066,22772,1136,33,5.240624999999996,9.8,16069.75,16093.0,7.51875,12.8,0.27307692307692305,5.3
2014 4 26,19899,325,325,1977.254791020259,16437,3462,48,4.874468085106379,7.7,13938.170212765957,16093.0,10.51276595744681,18.9,1.4297297297297298,18.0
2014 6 7,31204,324,322,1977.0238653491876,23883,7321,33,3.843749999999999,6.2,16069.75,16093.0,21.971875,26.1,0.0,0.0
2017 5 1,56218,600,603,1978.353983538437,49443,6775,43,4.349999999999999,10.8,9253.404761904761,16093.0,13.330952380952382,18.9,0.0,0.0
2017 7 3,48193,609,611,1979.5091817969903,36642,11551,33,3.85625,7.2,16019.46875,16093.0,26.278125000000006,31.1,0.0,0.0
2017 7 4,49924,607,610,1980.3518249376148,33937,15987,33,2.8656249999999996,5.7,16069.75,16093.0,25.071874999999995,29.4,0.0,0.0
2017 12 4,49630,730,726,1978.289971467822,47554,2076,33,2.6249999999999996,4.6,14576.21875,16093.0,6.4,10.0,0.0,0.0
2014 5 6,32233,325,323,1975.4716804389282,29893,2340,34,5.330303030303027,8.8,16073.272727272728,16093.0,15.700000000000001,20.0,0.0,0.0
2014 5 18,27436,321,318,1977.613959642739,21162,6274,34,4.036363636363635,6.7,16070.454545454546,16093.0,16.18181818181818,19.4,0.0,0.0
2017 7 7,44068,613,616,1979.6146591947072,40085,3983,47,4.377777777777775,8.2,11502.422222222222,16093.0,22.848888888888887,27.8,3.2294117647058824,38.0
2017 8 26,50109,608,609,1980.4499608303956,39804,10305,33,3.1812499999999995,6.2,16069.75,16093.0,21.537499999999998,26.1,0.0,0.0
2017 12 30,5956,676,664,1977.1201258961357,5785,171,44,4.490697674418602,7.7,10923.767441860466,16093.0,-6.504651162790696,-5.0,0.05714285714285714,0.5
2014 1 5,2678,306,307,1975.4982973893302,2643,35,45,2.429545454545453,6.7,11850.5,16093.0,-0.225,4.0,0.13333333333333333,2.0
2017 2 7,23053,599,597,1977.5470826366277,22850,161,37,3.316666666666665,6.2,11205.0,16093.0,4.427777777777779,7.0,0.21333333333333335,3.0
2017 2 27,35984,601,604,1977.409551374819,34687,1115,33,6.01875,10.3,16069.75,16093.0,4.825000000000001,10.6,0.0,0.0
2017 4 1,23849,593,596,1978.8270314488275,21899,1950,38,8.829729729729735,11.8,11724.918918918918,16093.0,5.278378378378376,7.8,3.5484848484848484,52.6
2017 6 1,67403,610,611,1978.2754362241158,60928,6475,45,3.338636363636363,8.8,11378.318181818182,16093.0,19.323255813953494,27.8,0.032,0.8
2017 9 18,64130,624,627,1979.2928869585792,58642,5488,42,3.5682926829268276,6.2,15835.146341463415,16093.0,21.670731707317064,24.4,0.0,0.0
2017 9 20,71150,629,632,1978.9871146778669,66423,4727,39,8.213157894736842,10.3,16073.421052631578,16093.0,23.65789473684211,27.2,0.7037037037037037,6.6
2014 1 18,9438,326,326,1975.8224330357143,8960,478,43,4.102380952380953,9.8,13513.880952380952,16093.0,3.5952380952380953,5.6,0.45142857142857146,6.0
2017 9 4,55285,600,604,1980.648187318609,38290,16995,33,5.837499999999998,8.8,16069.75,16093.0,21.099999999999998,25.6,0.7423076923076922,11.7
2014 6 21,30288,327,323,1977.1810624756463,23098,7190,33,4.112499999999998,5.7,16069.75,16093.0,21.303125,25.0,0.0,0.0
2016 11 11,45832,591,594,1977.9803284134593,42040,3301,25,8.670833333333338,13.9,16093.0,16093.0,12.5875,18.3,0.0,0.0
2017 3 9,45252,603,602,1977.3417017613253,42959,1907,33,8.778125000000005,11.8,16069.75,16093.0,12.9125,17.8,0.052000000000000005,1.3
2017 5 18,63753,604,605,1978.2740101312934,57573,6180,33,4.540625,8.8,16069.75,16093.0,23.606249999999996,28.9,0.0,0.0
2014 5 13,32847,324,322,1975.6648335461064,30550,2297,33,4.4624999999999995,9.8,15969.1875,16093.0,17.496875,20.6,0.0,0.0
2014 5 23,24484,324,322,1975.4474143720618,22336,2148,48,2.197872340425531,5.1,12284.0,16093.0,16.238297872340425,20.6,0.41428571428571426,8.1
2016 11 12,34667,588,588,1978.8607261403688,28943,5116,33,6.228124999999997,11.8,16069.75,16093.0,6.840625,10.6,0.0,0.0
2017 7 30,59342,611,611,1980.7597463284378,42456,16886,33,4.843749999999997,7.7,16069.75,16093.0,22.200000000000003,27.8,0.012,0.3
2017 11 17,48991,720,723,1978.5861007683534,46522,2469,33,9.165625000000004,12.9,16069.75,16093.0,6.987500000000002,9.4,0.23333333333333334,3.3
2014 3 13,10979,329,330,1974.7244613670134,10768,211,39,11.878947368421047,15.4,13953.368421052632,16093.0,-0.2657894736842102,10.0,0.535483870967742,3.8
2014 3 15,18053,330,330,1976.8093786483332,15418,2635,33,6.925000000000002,11.8,16069.75,16093.0,8.799999999999999,16.1,0.03333333333333333,0.3
2014 8 6,36336,323,322,1976.135736242541,33188,3148,31,4.056666666666666,7.2,16074.4,16093.0,25.106666666666666,29.4,0.0,0.0
2016 12 18,16295,587,589,1978.250206493424,15831,397,45,6.361363636363635,12.9,9841.0,16093.0,8.55,15.0,0.6787878787878788,18.8
2014 2 14,3609,304,304,1975.3267132867134,3575,34,42,8.93414634146342,13.4,10732.780487804877,16093.0,2.031707317073171,4.4,2.051428571428571,32.3
2017 1 27,32394,599,600,1977.0585251410816,31715,570,31,9.47666666666667,11.8,16074.4,16093.0,5.749999999999999,7.2,0.06153846153846154,0.8
2017 7 1,36737,610,612,1979.2788262168335,27393,9344,48,6.68723404255319,10.8,13218.106382978724,16093.0,21.91304347826087,25.0,0.9611111111111109,13.0
2014 1 16,19953,329,329,1974.2866820631255,19485,468,53,2.5519230769230754,5.7,9712.48076923077,16093.0,4.588461538461539,6.0,0.0,0.0
2014 7 23,34173,323,323,1975.9215009499683,31583,2590,33,6.137500000000001,11.3,16069.75,16093.0,24.946875,28.3,0.0,0.0
2017 3 8,43469,603,606,1977.4713926133888,41408,1764,35,7.570588235294117,10.8,15444.323529411764,16093.0,11.00294117647059,16.1,0.18823529411764706,2.8
2017 3 19,10550,410,554,1979.3300306435137,9720,677,35,6.944117647058821,9.3,15865.235294117647,16093.0,4.120588235294117,8.9,0.18666666666666665,2.0
2016 10 16,48870,596,595,1979.4278526970954,37870,9789,33,4.731249999999998,6.7,16069.75,16093.0,15.690624999999999,20.6,0.0,0.0
2017 6 24,52153,612,614,1980.2381788475138,39525,12628,47,5.034090909090906,10.8,11562.454545454546,16093.0,24.67045454545455,30.6,3.6292682926829265,38.0
2014 1 27,13119,325,323,1974.707022536728,13001,118,33,5.915625000000001,10.8,16069.75,16093.0,1.975,6.7,0.0,0.0
2014 4 25,27919,326,326,1975.2921605081726,25818,2101,33,5.271874999999997,9.8,16069.75,16093.0,11.2625,14.4,0.0,0.0
2014 6 12,29084,325,324,1975.782011242973,27217,1867,44,4.820930232558135,7.7,13160.767441860466,16093.0,19.188372093023247,24.4,0.0,0.0
2014 8 5,34392,323,321,1976.1542026206455,31293,3099,33,3.7343750000000004,6.7,16069.75,16093.0,25.184374999999996,29.4,0.0,0.0
2017 1 23,15822,596,590,1976.7193673337638,15603,202,35,10.276470588235297,14.9,15313.823529411764,16093.0,6.5970588235294105,10.6,0.3142857142857142,4.1
2017 4 26,37727,597,596,1978.1524412346987,35816,1911,43,5.061904761904758,9.8,11932.166666666666,16093.0,14.088095238095244,17.0,2.508108108108108,24.9
2014 7 11,35000,324,324,1976.1709789874308,31267,3733,34,3.0454545454545445,6.7,16070.454545454546,16093.0,24.454545454545446,28.9,0.032,0.8
2014 8 29,31264,325,322,1976.6262361838278,27506,3758,33,4.8437499999999964,9.3,16069.75,16093.0,21.556250000000002,25.6,0.0,0.0
2017 9 29,67177,667,670,1979.1620123537061,61066,6111,33,4.4999999999999964,9.3,16069.75,16093.0,16.756250000000005,20.6,0.0,0.0
2014 1 17,20301,329,329,1974.376709872432,19519,782,35,3.373529411764706,7.2,16071.117647058823,16093.0,2.7588235294117647,6.7,0.0,0.0
2014 4 30,2867,310,311,1975.678850248403,2818,49,42,8.658536585365852,11.8,8776.80487804878,16093.0,7.270731707317072,10.0,3.507692307692307,22.0
2014 7 14,25825,325,325,1975.5528434613102,23598,2227,38,3.9567567567567545,10.3,15532.378378378378,16093.0,24.235135135135135,28.3,0.39032258064516134,5.0
2017 6 29,64272,614,618,1978.9040964099447,58801,5471,33,6.984375000000002,12.9,16069.75,16093.0,21.671874999999993,24.4,0.0,0.0
2017 7 20,59663,614,617,1979.2345910007448,54560,5103,33,4.143750000000001,8.2,15542.5,16093.0,28.837500000000002,34.4,0.0,0.0
2017 3 31,6946,573,572,1977.5602930402931,6854,78,38,6.608108108108112,11.8,9170.513513513513,16093.0,4.951351351351352,6.1,2.4972972972972967,13.0
2014 3 9,12262,329,328,1976.9368953982462,11061,1201,33,6.459374999999998,8.8,15956.96875,16093.0,6.5437499999999975,11.7,0.0,0.0
2014 7 18,36105,326,326,1976.2691830531605,32242,3863,33,3.5656249999999985,4.6,16069.75,16093.0,23.681250000000002,28.3,0.0,0.0
2016 10 17,62657,598,601,1977.926188460996,56551,5395,33,3.849999999999998,5.1,16069.75,16093.0,19.331249999999997,23.9,0.0,0.0
2016 10 31,50082,591,590,1977.8420765860994,45800,3763,33,6.1218749999999975,10.3,16007.25,16093.0,11.521875000000003,16.1,0.39999999999999997,4.0
2017 5 7,34293,595,596,1980.02105189537,28117,6176,33,7.449999999999996,10.3,16069.75,16093.0,12.403124999999998,14.4,0.20344827586206896,1.3
2014 3 6,12773,330,329,1974.7244006985236,12598,175,33,5.065624999999999,7.7,16069.75,16093.0,-3.621875,0.0,0.0,0.0
2014 8 28,33927,323,321,1976.4565483082465,31096,2831,33,4.971875,8.2,16069.75,16093.0,24.931250000000002,28.3,0.0,0.0
2017 1 10,23232,601,596,1976.6671469111548,23042,157,33,3.803124999999997,8.8,16069.75,16093.0,-2.6374999999999993,2.8,0.0,0.0
2017 5 26,53768,609,609,1978.4257238377595,47009,6759,46,5.306666666666663,8.8,12361.777777777777,16093.0,17.197777777777773,24.4,2.473684210526316,29.0
2017 6 19,38310,610,613,1978.0260543792926,34941,3369,41,8.057500000000005,13.9,12115.925,14484.0,22.934999999999995,25.6,1.1517241379310343,11.2
2017 10 11,63589,699,704,1979.0957184374156,59406,4183,33,3.1750000000000007,6.7,16069.75,16093.0,19.856250000000006,23.3,0.0,0.0
2017 11 27,46733,722,727,1978.316843213222,44912,1821,33,6.181249999999998,8.8,16069.75,16093.0,6.709375,11.1,0.0,0.0
2014 4 17,22282,325,325,1975.422125668449,20944,1338,33,5.471874999999998,8.2,16069.75,16093.0,5.249999999999998,8.3,0.08,2.0
2017 3 26,19893,593,597,1978.6898501399792,18107,1496,40,5.356410256410252,7.7,14739.051282051281,16093.0,5.471794871794872,7.8,0.2838709677419355,3.0
2017 4 4,29991,595,599,1977.8063896887427,29370,621,52,5.121568627450976,10.8,7916.137254901961,16093.0,10.217647058823532,12.0,2.3166666666666664,23.0
2016 10 22,25303,586,588,1979.628034794651,23106,1886,46,7.144444444444446,12.9,11903.511111111111,16093.0,13.464444444444451,18.9,1.4305555555555554,23.4
2017 6 25,54655,600,603,1980.4715997181113,40723,13932,34,4.175757575757575,8.8,16070.454545454546,16093.0,24.5939393939394,27.8,1.8923076923076922,43.9
2017 8 1,66677,611,613,1979.1840951682555,60759,5918,33,3.5843749999999996,6.2,16069.75,16093.0,25.815625,31.1,0.0,0.0
2017 6 8,62653,609,615,1978.3100137652245,56877,5776,33,2.953125,5.7,16069.75,16093.0,16.109375,19.4,0.0,0.0
2014 4 10,27463,325,325,1975.1594658890338,26062,1401,33,7.384375000000002,12.4,16069.75,16093.0,8.834374999999998,11.7,0.0,0.0
2017 1 24,13171,595,591,1977.5469434832758,13084,66,47,10.504347826086962,13.9,7130.086956521739,16093.0,3.5565217391304373,4.4,3.4000000000000004,21.3
2017 6 30,58662,613,615,1979.118042479476,52423,6239,31,6.616666666666669,10.8,16074.4,16093.0,22.606666666666666,26.1,0.0,0.0
2014 8 4,33822,323,321,1976.1569905997617,30215,3607,40,3.8743589743589735,7.7,16073.923076923076,16093.0,23.397435897435905,26.7,0.11923076923076922,2.3
2017 3 20,27378,558,596,1977.5336394338406,26451,818,33,5.553124999999999,7.7,16069.75,16093.0,6.074999999999998,12.2,0.0,0.0
2017 5 3,59252,604,607,1978.1767962962963,53668,5584,33,7.990625000000002,10.8,16069.75,16093.0,17.865624999999998,21.1,0.02,0.5
2017 8 2,56184,613,616,1979.816955356806,49705,6479,35,4.161764705882353,11.8,15692.5,16093.0,24.835294117647063,29.4,0.010714285714285714,0.3
2017 9 1,54881,608,609,1979.3908538907035,49569,5312,33,5.371874999999998,7.2,16019.46875,16093.0,18.940625000000004,23.3,0.0,0.0
2017 11 8,54211,731,733,1978.7045199489185,52094,2117,39,5.955263157894733,8.8,15164.78947368421,16093.0,6.326315789473686,9.0,1.6848484848484848,19.8
2014 6 2,34519,325,322,1975.4652657284237,31124,3395,33,5.0093749999999995,8.8,16069.75,16093.0,18.80625,23.3,0.0,0.0
2017 2 17,28735,600,601,1976.9678343720898,28024,572,33,8.321874999999997,13.4,16069.75,16093.0,0.8062499999999999,6.1,0.0,0.0
2017 7 25,65336,609,611,1979.1511416581304,60024,5312,35,3.091176470588234,5.7,16071.117647058823,16093.0,19.217647058823538,22.2,1.1607142857142858,19.8
2017 9 15,72297,623,626,1979.1671197922203,65025,7272,33,3.190624999999999,4.6,16069.75,16093.0,22.893749999999994,26.7,0.0,0.0
2014 5 4,21277,323,322,1977.619464469619,17479,3798,35,7.126470588235297,12.4,16071.117647058823,16093.0,14.282352941176477,18.3,0.0,0.0
2017 5 22,24627,603,599,1978.8957316046472,23758,869,44,4.269767441860463,6.7,8932.581395348838,16093.0,14.146511627906984,16.0,1.11025641025641,10.0
2017 6 2,66907,609,612,1978.4538846282094,59227,7680,34,5.406060606060606,10.3,16070.454545454546,16093.0,20.08181818181818,25.0,0.0,0.0
2014 4 3,26321,326,326,1975.0357343161606,24962,1359,33,2.3562499999999997,5.7,15956.96875,16093.0,9.284375,16.1,0.06153846153846154,0.8
2014 8 23,26429,323,322,1977.6963781400189,20184,6245,37,3.363888888888887,5.7,16072.333333333334,16093.0,21.05,23.3,0.15357142857142855,3.3
2017 12 28,13420,716,717,1977.3953344662443,13048,372,33,8.553125000000005,10.8,16069.75,16093.0,-8.415625000000002,-6.1,0.0,0.0
2014 5 20,35567,322,321,1975.4415536488607,32518,3049,35,4.720588235294115,6.7,16071.117647058823,16093.0,19.01764705882353,26.1,0.0,0.0
2014 7 30,37377,323,321,1975.8925365252596,34088,3289,33,3.468750000000001,7.7,16069.75,16093.0,22.340624999999996,26.1,0.0,0.0
2017 1 2,8921,586,585,1977.756264236902,8351,493,38,3.7918918918918907,5.7,14079.351351351352,16093.0,4.2648648648648635,6.1,0.39696969696969703,3.0
2017 4 20,44264,597,600,1978.0325053812853,41230,3034,41,2.432499999999999,5.1,14688.15,16093.0,12.295,17.2,0.3411764705882353,3.0
2017 10 12,61248,708,711,1979.3461545192056,57284,3964,37,7.080555555555555,9.8,15871.833333333334,16093.0,16.075000000000003,18.9,0.23529411764705882,2.0
2017 12 27,16365,727,725,1976.9817213955876,15696,669,33,5.259374999999998,8.2,16069.75,16093.0,-5.0375,-3.3,0.0,0.0
2014 5 12,31644,325,324,1975.5699288624905,28963,2681,33,3.8187500000000005,9.3,16069.75,16093.0,19.062499999999993,24.4,0.02,0.5
2017 6 9,66506,611,613,1978.5085040033712,58583,7923,33,3.4125000000000005,7.7,16069.75,16093.0,19.218749999999996,27.8,0.0,0.0
2017 9 6,42295,604,605,1979.0551809312092,40486,1809,48,3.8425531914893587,8.8,14863.191489361701,16093.0,20.993617021276588,24.4,0.14864864864864866,1.0
2014 3 30,7907,327,326,1976.428724976488,7443,464,49,6.172916666666668,11.3,5484.916666666667,16093.0,9.293749999999994,12.0,5.385365853658538,66.0
2014 7 25,36384,323,323,1976.2543518518519,32403,3981,33,4.515624999999997,6.7,16069.75,16093.0,24.099999999999994,27.8,0.0,0.0
2017 7 14,31851,612,613,1979.7889700243406,29847,2004,38,4.135135135135132,6.7,14280.405405405405,16093.0,20.851351351351354,25.6,0.4714285714285714,3.0
2017 11 26,27181,713,720,1978.8874623291913,23898,3283,30,6.910344827586205,10.8,16076.965517241379,16093.0,8.962068965517243,12.2,0.0,0.0
2017 1 30,29616,596,598,1977.0452188342667,29043,487,33,5.4,9.3,16069.75,16093.0,1.9624999999999997,3.9,0.0,0.0
2017 5 31,59495,610,611,1978.297607269796,54292,5203,47,3.3282608695652147,5.1,8161.239130434783,16093.0,16.84130434782609,22.2,0.045714285714285714,0.8
2017 9 11,71917,604,607,1979.1341128871588,64412,7505,32,3.04516129032258,4.6,16072.0,16093.0,19.622580645161293,26.1,0.0,0.0
2014 2 20,11792,323,324,1974.9004396172743,11601,191,33,4.096874999999997,7.7,15580.5625,16093.0,4.031250000000002,6.1,0.6592592592592593,7.9
2014 8 10,26749,322,319,1977.888388045076,20410,6339,33,3.1656249999999995,5.7,16069.75,16093.0,25.49062499999999,30.0,0.0,0.0
2017 10 22,62150,723,724,1980.6220670734203,47116,15034,33,2.34375,5.1,16069.75,16093.0,16.25,21.7,0.0,0.0
2014 5 3,25501,322,323,1977.1686023426644,20147,5354,33,4.906249999999999,8.2,16069.75,16093.0,14.984375000000004,18.3,0.012,0.3
2017 11 1,60773,732,734,1978.813571105781,57824,2949,33,3.0187499999999994,6.7,16069.75,16093.0,9.55,14.4,0.0,0.0
2014 6 1,31333,325,322,1977.4625015598353,24042,7291,33,3.0687499999999996,5.7,16069.75,16093.0,17.840625000000006,23.3,0.0,0.0
2014 6 18,35531,326,325,1975.676220126362,32763,2768,33,5.890624999999999,9.3,15906.6875,16093.0,27.837500000000013,32.2,0.0,0.0
2014 8 22,30406,323,322,1976.7303631680152,27565,2841,45,3.719512195121949,6.2,15398.073170731708,16093.0,21.97317073170732,25.0,0.884375,6.0
2016 10 26,52484,593,596,1977.6469969027712,49473,2626,33,5.540624999999997,9.3,16069.75,16093.0,7.8843749999999995,11.1,0.0,0.0
2017 6 7,64453,609,613,1978.217318370154,59294,5159,34,4.478787878787876,6.2,16070.454545454546,16093.0,14.654545454545453,18.9,0.05714285714285715,1.3
2017 11 11,28142,714,717,1979.7792696025779,25827,2315,33,5.521874999999998,9.8,16069.75,16093.0,-1.3499999999999994,3.3,0.0,0.0
2014 6 6,37719,324,323,1975.6709114879848,33375,4344,34,6.330303030303028,9.3,16070.454545454546,16093.0,20.93333333333333,25.0,0.7730769230769231,12.7
2014 6 20,34405,327,325,1975.8530309921382,30781,3624,33,4.656249999999999,7.7,16069.75,16093.0,23.231250000000006,27.8,0.10740740740740742,1.3
2014 7 3,27587,326,324,1976.0940905114132,25148,2439,43,4.48095238095238,12.4,15366.452380952382,16093.0,24.783333333333335,28.9,2.216666666666667,13.2
2014 8 24,27493,320,320,1977.8972308892355,20516,6977,35,2.7647058823529407,7.2,16071.117647058823,16093.0,21.252941176470586,26.1,0.0,0.0
2014 8 27,33721,324,322,1976.4147572066715,31124,2597,33,4.171875,6.7,16069.75,16093.0,24.271874999999994,28.9,0.0,0.0
2016 10 29,42514,590,590,1979.0794800584076,34667,7175,33,4.249999999999998,9.3,16069.75,16093.0,9.928124999999998,16.7,0.0,0.0
2017 5 29,26322,605,604,1979.9288967040895,21867,4455,39,4.039473684210523,5.7,15385.605263157895,16093.0,14.947368421052632,16.7,0.5709677419354839,7.0
2017 8 8,65233,614,616,1979.2854591879309,59430,5803,39,3.8526315789473684,7.7,14970.28947368421,16093.0,21.628947368421056,27.2,0.9366666666666668,9.9
2017 10 30,49247,730,733,1979.2167032683117,46577,2670,41,9.162500000000001,14.9,12739.825,16093.0,13.6775,18.9,5.511111111111113,72.1
2014 3 27,16666,330,330,1974.784223166451,16239,427,33,6.881249999999998,11.3,16069.75,16093.0,-1.115625,3.3,0.0,0.0
2017 4 3,43485,598,600,1977.4936391151357,40600,2885,33,3.6,7.2,15956.96875,16093.0,11.240624999999998,14.4,0.0,0.0
2017 12 16,19060,715,721,1979.0379136532983,18436,624,36,6.714285714285715,9.8,14257.857142857143,16093.0,-1.3342857142857139,3.9,0.25,3.0
2014 1 24,6176,314,312,1974.9993475778829,6131,45,33,7.259374999999998,10.3,16069.75,16093.0,-8.96875,-6.7,0.0,0.0
2014 2 24,12922,327,327,1974.5954631379961,12696,226,35,6.752941176470591,10.3,16071.117647058823,16093.0,4.532352941176471,10.0,0.07241379310344828,0.5
2014 4 15,10523,324,323,1975.3016935801497,10156,367,51,10.244000000000002,12.9,4644.48,16093.0,12.005999999999998,13.3,0.6307692307692307,6.0
2014 8 3,25276,322,319,1977.9710843373493,19507,5769,38,1.7864864864864867,4.1,15597.0,16093.0,20.948648648648643,24.4,0.48620689655172417,10.2
2016 12 30,21375,593,595,1976.7857216868717,19195,1917,34,7.781818181818182,10.3,15875.39393939394,16093.0,3.9545454545454537,6.1,0.7571428571428571,9.1
2017 1 6,24177,599,597,1976.504732798506,23683,458,39,3.9210526315789442,7.7,13365.578947368422,16093.0,-0.18947368421052638,1.7,0.07647058823529412,0.8
2017 4 19,45787,595,599,1977.9430948649397,43376,2411,39,5.989473684210523,8.8,16031.078947368422,16093.0,8.681578947368418,11.1,0.0,0.0
2017 6 14,60513,611,614,1978.515202551377,55469,5044,38,3.516216216216214,7.2,14366.054054054053,16093.0,24.337837837837835,30.0,0.7852941176470589,5.1
2017 4 5,47636,597,600,1977.5219205743774,44418,3218,45,2.8522727272727253,4.6,5538.545454545455,16093.0,9.099999999999998,15.0,0.8393939393939394,26.7
2017 6 13,60921,613,615,1978.629638797051,56271,4650,33,4.768749999999999,7.2,16069.75,16093.0,27.762500000000006,33.9,0.0,0.0
2017 11 19,31598,714,718,1979.9488251554942,28738,2860,35,9.700000000000003,16.0,14588.676470588236,16093.0,11.764705882352942,14.4,0.9500000000000001,6.0
2017 12 29,13759,720,721,1977.0671658724757,13351,408,33,5.859374999999996,9.8,16069.75,16093.0,-9.031249999999998,-5.0,0.0,0.0
2016 10 23,41463,589,589,1979.5063604970337,33406,7226,33,8.34375,11.3,16069.75,16093.0,12.165625000000002,17.2,0.4827586206896552,9.4
2017 3 6,32467,603,604,1977.2493923500065,31432,912,33,3.0749999999999993,5.1,16069.75,16093.0,0.01562500000000011,4.4,0.0,0.0
2017 7 28,63899,610,612,1979.335562384328,56708,7191,36,3.282857142857141,6.7,15706.628571428571,16093.0,24.70000000000001,27.2,0.0,0.0
2017 8 14,61482,614,617,1979.4227764586467,54320,7162,33,2.7343749999999996,4.6,16069.75,16093.0,24.350000000000005,27.2,0.0,0.0
2014 5 27,32936,323,320,1975.2375322734067,29439,3497,33,4.271874999999999,9.8,16069.75,16093.0,23.987500000000008,28.3,0.0,0.0
2017 7 8,55015,610,613,1980.714861737955,41860,13155,33,4.51875,8.2,15441.875,16093.0,25.034374999999994,30.0,4.517857142857143,48.8
2017 8 19,62442,609,611,1980.6351931330473,43890,18552,37,4.697222222222219,7.7,15961.222222222223,16093.0,25.33888888888889,30.0,0.53,6.9
2017 11 2,70810,728,735,1978.9040984983883,65475,5335,49,3.4854166666666644,7.2,10939.0625,16093.0,16.993750000000002,21.1,0.0,0.0
2014 2 17,4854,315,312,1976.3311592678308,4753,101,33,6.315624999999998,11.3,16069.75,16093.0,-4.228125,0.0,0.0,0.0
2017 2 22,38119,597,600,1977.6937590315456,36788,1123,33,3.2093749999999983,5.1,16069.75,16093.0,6.650000000000001,10.0,0.0,0.0
2017 6 18,49472,609,613,1980.181887405452,38203,11269,38,5.635135135135139,11.8,5680.945945945946,16093.0,22.435135135135134,25.6,0.6366666666666667,8.6
2017 8 13,57518,613,614,1980.8468873200698,41267,16251,42,4.058536585365852,6.7,16074.853658536585,16093.0,24.890243902439018,30.0,0.3321428571428572,5.3
2017 10 13,67020,710,715,1979.2334315049548,61409,5611,34,5.681818181818179,6.7,16070.454545454546,16093.0,14.942424242424241,19.4,0.08,2.0
2017 7 24,43792,611,611,1979.394416940346,40654,3138,42,5.902439024390243,9.8,13378.975609756097,16093.0,21.156097560975606,23.3,1.6314285714285712,10.0
2014 1 25,4338,313,312,1975.8382180539272,4265,73,40,9.18461538461539,14.4,11970.128205128205,16093.0,-4.130769230769233,-1.7,0.0625,0.5
2017 10 7,63635,688,693,1980.7958702300757,48293,15342,34,3.572727272727273,9.8,15352.272727272728,16093.0,20.98484848484848,25.0,0.0,0.0
2016 11 14,48834,592,597,1977.6313281844882,46084,2436,32,3.819354838709675,5.1,16072.0,16093.0,10.416129032258066,14.4,0.0,0.0
2016 12 27,25955,598,596,1976.5619641465316,23006,2632,44,5.799999999999998,9.3,12036.302325581395,16093.0,11.739534883720932,16.7,0.0,0.0
2017 11 22,32298,706,713,1977.8894274560832,30942,1356,39,4.363157894736842,11.3,14423.078947368422,16093.0,10.139473684210527,12.2,0.86875,6.0
2014 6 4,36068,325,323,1975.4702688026066,33148,2920,39,3.228947368421051,5.7,15904.052631578947,16093.0,20.194736842105268,26.1,0.0,0.0
2014 8 17,27417,322,319,1977.8862370341913,20825,6592,33,4.821874999999998,7.7,16069.75,16093.0,23.746875000000003,28.3,0.0,0.0
2017 4 21,39868,596,597,1978.1996938939906,37078,2790,45,4.59772727272727,8.8,13194.886363636364,16093.0,11.17045454545455,14.4,0.1861111111111111,4.3
2014 4 28,28557,325,324,1975.3261213720316,26530,2027,34,4.6545454545454525,6.7,16070.454545454546,16093.0,12.251515151515154,18.3,0.0,0.0
2016 12 29,13207,595,590,1976.9977310069635,12803,342,40,4.574358974358974,9.8,13429.871794871795,16093.0,4.756410256410256,8.3,0.7114285714285714,6.0
2017 2 2,34517,602,601,1977.0692051799929,33781,575,33,5.356249999999999,8.8,16019.46875,16093.0,4.421875000000001,7.2,0.0,0.0
2017 2 13,23857,599,601,1977.4834851451435,23643,169,35,9.994117647058824,15.4,15635.558823529413,16093.0,2.5558823529411767,3.9,0.47333333333333333,10.2
2017 5 14,38729,597,597,1979.6250427217649,31417,7312,44,7.655813953488368,15.4,13944.767441860466,16093.0,12.427906976744186,20.6,2.302941176470588,41.9
2017 6 15,64763,613,617,1978.446924076042,58786,5977,33,3.928125000000001,6.2,16069.75,16093.0,19.687499999999996,22.2,0.48846153846153845,7.6
2014 4 29,18404,325,324,1975.3102711216109,17778,626,34,7.73636363636364,12.9,16070.454545454546,16093.0,9.103030303030307,10.6,0.028571428571428574,0.8
2014 5 17,29912,321,318,1977.5175082137298,23132,6780,38,5.278378378378374,11.8,13293.54054054054,16093.0,16.635135135135137,20.6,3.9545454545454546,32.0
2014 6 23,32580,326,323,1975.767107533065,29563,3017,33,3.253125000000001,7.2,16069.75,16093.0,21.718749999999996,26.7,0.0,0.0
2017 10 25,71287,734,736,1979.110715305647,66849,4438,40,3.687179487179484,9.8,14199.97435897436,16093.0,17.453846153846154,19.4,1.3333333333333333,13.0
2017 6 16,56403,612,613,1978.6463529366588,51595,4808,35,4.105882352941175,6.7,14257.35294117647,16093.0,18.65294117647059,20.6,0.0896551724137931,0.8
2017 6 28,67752,612,613,1978.8021985075825,61654,6098,34,5.093939393939393,8.8,16070.454545454546,16093.0,21.818181818181824,26.7,0.10769230769230768,2.8
2017 12 23,9608,712,703,1977.1046939216958,9319,289,49,3.8212765957446795,11.8,7102.382978723404,16093.0,7.182978723404257,10.6,0.9750000000000001,11.0
2014 3 5,13801,329,330,1974.6454866735385,13582,219,33,2.5,7.2,16069.75,16093.0,-0.4000000000000005,4.4,0.0,0.0
2016 11 10,50871,592,594,1977.5490974879388,48145,2370,35,6.223529411764702,11.3,16012.29411764706,16093.0,10.117647058823527,13.9,0.03333333333333333,0.3
2017 2 16,29120,598,596,1976.9399356328272,28764,284,34,9.530303030303033,11.8,16070.454545454546,16093.0,1.9181818181818189,4.0,0.0,0.0
2017 3 7,29683,602,601,1977.62597133483,29114,460,33,4.890624999999999,6.2,14883.34375,16093.0,7.0625000000000036,8.9,0.2233333333333333,3.0
2017 4 18,53809,594,598,1978.0899550224888,48382,5427,33,6.459374999999995,12.4,16069.75,16093.0,13.990625,19.4,0.0,0.0
2014 3 22,19880,328,330,1976.9701836252348,16501,3379,33,5.3625,11.8,16069.75,16093.0,8.918750000000001,18.3,0.0,0.0
2014 5 22,24535,324,322,1975.402578172633,22963,1572,41,3.3249999999999984,5.7,12617.975,16093.0,15.5375,18.9,0.6405405405405405,7.0
2016 10 27,21058,592,591,1977.753564650348,20655,340,36,5.308571428571428,9.3,14803.114285714286,16093.0,8.088571428571425,14.4,0.5687500000000001,3.3
2016 11 16,53342,590,591,1977.5872694777775,51094,1932,36,5.405714285714284,6.7,16071.742857142857,16093.0,11.208571428571434,16.1,2.0037037037037035,31.2
2016 12 1,43242,599,600,1977.2821287306724,41882,1153,42,6.714634146341464,11.8,8919.609756097561,16093.0,12.695121951219518,13.9,0.7432432432432433,12.2
2017 1 14,13819,587,585,1977.7487922705313,13043,650,42,3.187804878048779,8.2,10876.268292682927,16093.0,-0.37317073170731707,3.9,0.22,1.3
2017 2 14,29668,600,600,1977.049471546115,29274,365,33,6.2499999999999964,13.4,16069.75,16093.0,0.29999999999999993,3.3,0.0,0.0
2017 4 17,53247,594,597,1978.3689316239315,46425,6822,34,6.706060606060603,12.9,16070.454545454546,16093.0,21.181818181818183,24.4,0.031034482758620686,0.3
2014 8 12,26261,324,324,1976.10370186746,24204,2057,34,5.815151515151515,9.8,16070.454545454546,16093.0,24.11818181818182,26.7,0.011111111111111112,0.3
2014 7 31,35458,323,320,1975.9729762966151,32530,2928,33,5.25,8.8,16069.75,16093.0,23.181250000000006,27.2,0.0,0.0
2017 4 22,34596,589,595,1980.9076473577236,25280,9316,46,3.3466666666666645,6.2,14490.488888888889,16093.0,11.70222222222222,14.4,0.2,2.0
2017 7 5,60321,612,614,1978.9768682285396,53267,7054,33,3.7625000000000006,6.2,15918.875,16093.0,24.618750000000002,27.8,0.0,0.0
2017 7 16,56833,608,611,1980.9396989440575,42358,14475,33,3.0406250000000004,6.7,15844.1875,16093.0,24.85937499999999,28.3,0.012,0.3
2017 7 27,65769,611,612,1979.0260517079441,60114,5655,37,3.986111111111109,6.7,16072.333333333334,16093.0,21.941666666666663,25.0,0.0,0.0
2014 3 11,24356,330,330,1975.067838649319,22981,1375,33,4.578124999999999,7.2,16019.46875,16093.0,9.659375,17.8,0.0,0.0
2016 11 30,24435,596,598,1977.691964657831,24163,238,45,4.0795454545454515,8.2,8409.045454545454,16093.0,13.370454545454539,15.6,3.1973684210526314,36.1
2016 12 26,10775,586,584,1975.9563172745322,9560,1103,36,4.254285714285712,7.2,15933.828571428572,16093.0,4.225714285714286,9.4,0.0,0.0
2017 2 23,42434,599,602,1977.7012475212732,39778,2281,46,2.0711111111111107,5.1,8598.955555555556,16093.0,7.6688888888888895,13.3,0.0,0.0
2017 3 3,31105,603,603,1977.244978311645,30060,867,33,7.390624999999999,9.8,16069.75,16093.0,2.634375,6.1,0.0,0.0
2017 3 11,15185,592,591,1978.138747067752,14545,515,33,8.981249999999998,13.9,15956.96875,16093.0,-4.200000000000002,1.1,0.48928571428571427,6.6
2017 5 27,46534,605,605,1979.4868854458948,30843,15691,33,4.712499999999997,7.7,16069.75,16093.0,19.540625,22.2,0.192,4.8
2017 8 27,54598,608,608,1981.121431060518,40899,13699,33,2.9499999999999997,5.7,16069.75,16093.0,20.315625,25.6,0.0,0.0
2014 4 22,27259,326,326,1975.3981383292094,25461,1798,33,3.7656250000000004,10.3,16069.75,16093.0,11.025,16.1,0.0,0.0
2017 2 20,32292,598,598,1978.858148174609,27487,4023,34,5.696969696969695,8.2,16070.454545454546,16093.0,10.996969696969698,16.1,0.0,0.0
2017 6 22,66308,615,617,1978.6032020271828,60278,6030,33,4.253125,7.7,16069.75,16093.0,23.234375,26.1,0.0,0.0
2017 7 22,48011,608,612,1980.522078057968,36496,11515,33,3.787499999999998,6.2,16069.75,16093.0,28.650000000000006,32.2,0.0,0.0
2017 8 16,68436,612,615,1979.2991932767718,61836,6600,40,2.9512820512820506,6.2,13631.25641025641,16093.0,24.620512820512815,30.6,0.6592592592592591,11.2
2014 8 8,34073,323,321,1976.3009488041114,30355,3718,33,3.453124999999999,8.2,16069.75,16093.0,23.453124999999993,28.3,0.0,0.0
2016 12 2,42371,599,601,1977.5079650375476,40754,1345,33,7.874999999999998,10.8,16069.75,16093.0,8.090624999999998,11.1,0.032,0.8
2016 12 16,24490,596,593,1976.7818978102189,24102,334,33,7.165624999999994,12.4,16069.75,16093.0,-5.2656250000000036,-2.2,0.0,0.0
2017 1 16,24110,596,597,1977.6734783564052,22780,1147,33,2.5593749999999997,4.6,16069.75,16093.0,1.5218749999999996,5.6,0.0,0.0
2017 6 27,64767,615,616,1978.8022866750737,58968,5799,33,4.1,8.2,15918.875,16093.0,20.893749999999997,23.9,0.22307692307692306,3.0
2017 7 10,60907,613,615,1979.0666595028297,55319,5588,33,4.956250000000001,10.8,16069.75,16093.0,23.7625,28.3,0.0,0.0
2017 9 23,62687,634,642,1980.6668505457267,48448,14239,33,6.290624999999996,8.2,16069.75,16093.0,25.075000000000003,31.1,0.0,0.0
2016 10 25,52681,596,597,1977.7553649796673,49793,2560,33,7.562500000000002,11.3,16069.75,16093.0,10.2875,12.2,0.0,0.0
2017 7 9,57118,609,612,1980.8970434705348,42872,14246,34,5.236363636363634,7.7,16070.454545454546,16093.0,24.963636363636372,28.3,0.0,0.0
2017 9 22,70127,638,647,1979.428173447706,62644,7483,33,7.356249999999998,10.3,16069.75,16093.0,23.687499999999993,28.3,0.0,0.0
